# Created by FreeCAD <http://www.freecadweb.org>
v 2.427355 0.598289 1.200000
v 2.500000 0.000000 1.200000
v 2.500000 0.000000 5.750000
v 2.427355 0.598289 5.750000
v 2.213640 1.161808 1.200000
v 2.213640 1.161808 5.750000
v 1.871277 1.657807 5.750000
v 1.871277 1.657807 1.200000
v 1.420162 2.057460 1.200000
v 1.420162 2.057460 5.750000
v 0.886512 2.337541 1.200000
v 0.886512 2.337541 5.750000
v 0.301342 2.481772 1.200000
v 0.301342 2.481772 5.750000
v -0.301342 2.481772 5.750000
v -0.301342 2.481772 1.200000
v -0.886512 2.337541 1.200000
v -0.886512 2.337541 5.750000
v -1.420162 2.057460 5.750000
v -1.420162 2.057460 1.200000
v -1.871277 1.657807 1.200000
v -1.871277 1.657807 5.750000
v -2.213640 1.161808 1.200000
v -2.213640 1.161808 5.750000
v -2.427355 0.598289 1.200000
v -2.427355 0.598289 5.750000
v -2.500000 -0.000000 1.200000
v -2.500000 -0.000000 5.750000
v -2.427355 -0.598289 5.750000
v -2.427355 -0.598289 1.200000
v -2.213640 -1.161808 1.200000
v -2.213640 -1.161808 5.750000
v -1.871277 -1.657807 5.750000
v -1.871277 -1.657807 1.200000
v -1.420162 -2.057460 1.200000
v -1.420162 -2.057460 5.750000
v -0.886512 -2.337541 1.200000
v -0.886512 -2.337541 5.750000
v -0.301342 -2.481772 1.200000
v -0.301342 -2.481772 5.750000
v 0.301342 -2.481772 1.200000
v 0.301342 -2.481772 5.750000
v 0.886512 -2.337541 1.200000
v 0.886512 -2.337541 5.750000
v 1.420162 -2.057460 1.200000
v 1.420162 -2.057460 5.750000
v 1.871277 -1.657807 1.200000
v 1.871277 -1.657807 5.750000
v 2.213640 -1.161808 5.750000
v 2.213640 -1.161808 1.200000
v 2.427355 -0.598289 1.200000
v 2.427355 -0.598289 5.750000
v 2.700000 0.000000 1.000000
v 2.686583 -0.268833 1.000000
v 2.900000 0.000000 0.800000
v 2.815731 -0.694015 0.800000
v 2.646466 -0.534995 1.000000
v 2.580047 -0.795839 1.000000
v 2.487986 -1.048774 1.000000
v 2.567822 -1.347697 0.800000
v 2.371198 -1.291286 1.000000
v 2.230845 -1.520964 1.000000
v 2.170681 -1.923056 0.800000
v 2.068320 -1.735527 1.000000
v 1.885239 -1.932840 1.000000
v 1.647388 -2.386653 0.800000
v 1.683422 -2.110945 1.000000
v 1.464875 -2.268070 1.000000
v 1.231769 -2.402654 1.000000
v 1.028354 -2.711547 0.800000
v 0.986421 -2.513359 1.000000
v 0.731269 -2.599086 1.000000
v 0.349556 -2.878856 0.800000
v 0.468850 -2.658981 1.000000
v 0.201771 -2.692450 1.000000
v -0.067313 -2.699161 1.000000
v -0.349556 -2.878856 0.800000
v -0.335728 -2.679046 1.000000
v -0.600807 -2.632305 1.000000
v -1.028354 -2.711547 0.800000
v -0.859914 -2.559404 1.000000
v -1.110475 -2.461066 1.000000
v -1.350000 -2.338269 1.000000
v -1.647388 -2.386653 0.800000
v -1.576108 -2.192233 1.000000
v -1.786552 -2.024409 1.000000
v -2.170681 -1.923056 0.800000
v -1.979240 -1.836466 1.000000
v -2.152258 -1.630272 1.000000
v -2.567822 -1.347697 0.800000
v -2.303885 -1.407875 1.000000
v -2.432616 -1.171486 1.000000
v -2.537170 -0.923454 1.000000
v -2.815731 -0.694015 0.800000
v -2.616509 -0.666245 1.000000
v -2.669843 -0.402414 1.000000
v -2.900000 -0.000000 0.800000
v -2.696644 -0.134584 1.000000
v -2.696644 0.134584 1.000000
v -2.669843 0.402414 1.000000
v -2.815731 0.694015 0.800000
v -2.616509 0.666245 1.000000
v -2.537170 0.923454 1.000000
v -2.567822 1.347697 0.800000
v -2.432616 1.171486 1.000000
v -2.303885 1.407875 1.000000
v -2.152258 1.630272 1.000000
v -2.170681 1.923056 0.800000
v -1.979240 1.836466 1.000000
v -1.786552 2.024409 1.000000
v -1.647388 2.386653 0.800000
v -1.576108 2.192233 1.000000
v -1.350000 2.338269 1.000000
v -1.028354 2.711547 0.800000
v -1.110475 2.461066 1.000000
v -0.859914 2.559404 1.000000
v -0.600807 2.632305 1.000000
v -0.349556 2.878856 0.800000
v -0.335728 2.679046 1.000000
v -0.067313 2.699161 1.000000
v 0.349556 2.878856 0.800000
v 0.201771 2.692450 1.000000
v 0.468850 2.658981 1.000000
v 0.731269 2.599086 1.000000
v 1.028354 2.711547 0.800000
v 0.986421 2.513359 1.000000
v 1.231769 2.402654 1.000000
v 1.647388 2.386653 0.800000
v 1.464875 2.268070 1.000000
v 1.683422 2.110945 1.000000
v 1.885239 1.932840 1.000000
v 2.170681 1.923056 0.800000
v 2.068320 1.735527 1.000000
v 2.230845 1.520964 1.000000
v 2.567822 1.347697 0.800000
v 2.371198 1.291286 1.000000
v 2.487986 1.048774 1.000000
v 2.815731 0.694015 0.800000
v 2.580047 0.795839 1.000000
v 2.646466 0.534995 1.000000
v 2.686583 0.268833 1.000000
v -6.478033 -5.724718 5.750000
v -6.595433 -6.125490 5.750000
v -6.442658 -6.285979 5.750000
v -6.285979 -6.442658 5.750000
v -5.519068 -6.401350 5.750000
v -6.125490 -6.595433 5.750000
v -6.348977 -5.395895 5.750000
v -3.794167 -7.767985 5.750000
v -3.749262 -8.183178 5.750000
v -3.546700 -8.272986 5.750000
v -3.341989 -8.357780 5.750000
v -5.231326 -6.270156 5.750000
v -7.548645 -3.802021 5.750000
v -8.272986 -3.546700 5.750000
v -8.183178 -3.749262 5.750000
v -6.143490 -5.008569 5.750000
v -5.008569 -6.143490 5.750000
v -8.175676 -2.809914 5.750000
v -8.437510 -3.135252 5.750000
v -8.357780 -3.341989 5.750000
v -2.649264 -8.026133 5.750000
v -3.800770 -7.414805 5.750000
v -3.135252 -8.437510 5.750000
v -4.693048 -5.894291 5.750000
v -5.894291 -4.693048 5.750000
v -7.930609 -2.555508 5.750000
v -7.232600 -3.790927 5.750000
v -2.433630 -7.794811 5.750000
v -3.759149 -6.978326 5.750000
v -2.276302 -7.592541 5.750000
v -7.592541 -2.276302 5.750000
v -6.978326 -3.759149 5.750000
v -2.080163 -7.241567 5.750000
v -3.649664 -6.591458 5.750000
v -7.241567 -2.080163 5.750000
v -6.591458 -3.649664 5.750000
v -6.224295 -3.447195 5.750000
v -4.600000 -4.700000 5.750000
v -4.431314 -5.566728 5.750000
v -4.374240 -5.509110 5.750000
v -4.306113 -5.465112 5.750000
v -4.230119 -5.436789 5.750000
v -4.149814 -5.425467 5.750000
v -4.068952 -5.431675 5.750000
v -5.494715 -3.920537 5.750000
v -5.455123 -3.991316 5.750000
v -5.431675 -4.068952 5.750000
v -5.425467 -4.149814 5.750000
v -5.436789 -4.230119 5.750000
v -5.465112 -4.306113 5.750000
v -5.509110 -4.374240 5.750000
v -5.566728 -4.431314 5.750000
v -0.110789 -9.000505 5.750000
v -0.532674 -8.628647 5.750000
v -0.332300 -8.995051 5.750000
v -8.429008 -0.623868 5.750000
v -9.000505 -0.110789 5.750000
v -8.995051 -0.332300 5.750000
v 0.110789 -9.000505 5.750000
v -1.963706 -6.838776 5.750000
v -3.447195 -6.224295 5.750000
v -6.838776 -1.963706 5.750000
v -1.933025 -6.763703 5.750000
v -3.415805 -6.149516 5.750000
v -6.763703 -1.933025 5.750000
v -6.149516 -3.415805 5.750000
v -1.886922 -6.696983 5.750000
v -3.401227 -6.069737 5.750000
v -6.696983 -1.886922 5.750000
v -6.069737 -3.401227 5.750000
v -5.988690 -3.404141 5.750000
v -1.827552 -6.641735 5.750000
v -3.404141 -5.988690 5.750000
v -6.641735 -1.827552 5.750000
v -1.757692 -6.600543 5.750000
v -3.424413 -5.910164 5.750000
v -6.600543 -1.757692 5.750000
v -5.910164 -3.424413 5.750000
v -6.575334 -1.680609 5.750000
v -5.837833 -3.461093 5.750000
v -6.567287 -1.599910 5.750000
v -5.775080 -3.512466 5.750000
v -3.400000 -4.700000 5.750000
v -3.991316 -5.455123 5.750000
v -3.920537 -5.494715 5.750000
v -3.807312 -5.573767 5.750000
v -3.692494 -5.650486 5.750000
v -3.576130 -5.724840 5.750000
v -3.512466 -5.775080 5.750000
v -3.461093 -5.837833 5.750000
v -1.680609 -6.575334 5.750000
v -1.599910 -6.567287 5.750000
v -1.519367 -6.576779 5.750000
v -8.628647 0.532674 5.750000
v -8.995051 0.332300 5.750000
v -9.000505 0.110789 5.750000
v 0.623868 -8.429008 5.750000
v -0.673931 -8.304878 5.750000
v 0.332300 -8.995051 5.750000
v -8.304878 0.673931 5.750000
v -8.132776 -0.734564 5.750000
v 0.734564 -8.132776 5.750000
v -0.802511 -7.885696 5.750000
v 0.802511 -7.885696 5.750000
v -7.885696 0.802511 5.750000
v -7.885696 -0.802511 5.750000
v 0.849408 -7.486379 5.750000
v -0.849408 -7.486379 5.750000
v -7.486379 0.849408 5.750000
v -7.486379 -0.849408 5.750000
v 0.802859 -7.069683 5.750000
v -0.802859 -7.069683 5.750000
v -7.069683 0.802859 5.750000
v -7.069683 -0.802859 5.750000
v 0.802475 -6.988584 5.750000
v -0.802475 -6.988584 5.750000
v -6.988584 0.802475 5.750000
v -6.988584 -0.802475 5.750000
v 0.819536 -6.909299 5.750000
v -0.819536 -6.909299 5.750000
v -6.909299 0.819536 5.750000
v -6.909299 -0.819536 5.750000
v 0.853244 -6.835536 5.750000
v -0.853244 -6.835536 5.750000
v -6.835536 0.853244 5.750000
v -6.835536 -0.853244 5.750000
v 0.902023 -6.770746 5.750000
v -0.902023 -6.770746 5.750000
v -6.770746 0.902023 5.750000
v -6.770746 -0.902023 5.750000
v 0.963591 -6.717958 5.750000
v -0.963591 -6.717958 5.750000
v -6.717958 0.963591 5.750000
v -6.717958 -0.963591 5.750000
v 1.035068 -6.679641 5.750000
v -1.035068 -6.679641 5.750000
v -6.679641 1.035068 5.750000
v -6.679641 -1.035068 5.750000
v -8.357780 3.341989 5.750000
v -8.437510 3.135252 5.750000
v -8.026133 2.649264 5.750000
v 3.341989 -8.357780 5.750000
v 2.809914 -8.175676 5.750000
v 3.135252 -8.437510 5.750000
v 3.546700 -8.272986 5.750000
v -7.767985 3.794167 5.750000
v -8.183178 3.749262 5.750000
v -8.272986 3.546700 5.750000
v 3.802021 -7.548645 5.750000
v 2.555508 -7.930609 5.750000
v 3.749262 -8.183178 5.750000
v -7.414805 3.800770 5.750000
v -7.794811 2.433630 5.750000
v 3.790927 -7.232600 5.750000
v 2.276302 -7.592541 5.750000
v -6.978326 3.759149 5.750000
v -7.592541 2.276302 5.750000
v 3.759149 -6.978326 5.750000
v -6.591458 3.649664 5.750000
v -7.241567 2.080163 5.750000
v 3.649664 -6.591458 5.750000
v 2.080163 -7.241567 5.750000
v -1.384509 -6.606484 5.750000
v -1.249072 -6.633424 5.750000
v -1.113112 -6.657588 5.750000
v -6.224295 3.447195 5.750000
v -6.838776 1.963706 5.750000
v -6.763703 1.933025 5.750000
v 3.447195 -6.224295 5.750000
v 1.963706 -6.838776 5.750000
v -6.149516 3.415805 5.750000
v 3.415805 -6.149516 5.750000
v 1.886922 -6.696983 5.750000
v 1.933025 -6.763703 5.750000
v -6.069737 3.401227 5.750000
v -6.696983 1.886922 5.750000
v 3.401227 -6.069737 5.750000
v -5.988690 3.404141 5.750000
v -6.641735 1.827552 5.750000
v 3.404141 -5.988690 5.750000
v 1.827552 -6.641735 5.750000
v -5.910164 3.424413 5.750000
v -6.600543 1.757692 5.750000
v 3.424413 -5.910164 5.750000
v 1.757692 -6.600543 5.750000
v -5.837833 3.461093 5.750000
v -6.575334 1.680609 5.750000
v -5.775080 3.512466 5.750000
v -6.567287 1.599910 5.750000
v 1.113112 -6.657588 5.750000
v 1.249072 -6.633424 5.750000
v 1.384509 -6.606484 5.750000
v 1.519367 -6.576779 5.750000
v 3.400000 -4.700000 5.750000
v 3.461093 -5.837833 5.750000
v 3.512466 -5.775080 5.750000
v 3.576130 -5.724840 5.750000
v 3.692494 -5.650486 5.750000
v 3.807312 -5.573767 5.750000
v 3.920537 -5.494715 5.750000
v 3.991316 -5.455123 5.750000
v 4.068952 -5.431675 5.750000
v 1.599910 -6.567287 5.750000
v 1.680609 -6.575334 5.750000
v -6.442658 6.285979 5.750000
v -6.595433 6.125490 5.750000
v -6.401350 5.519068 5.750000
v 6.285979 -6.442658 5.750000
v 5.724718 -6.478033 5.750000
v 6.125490 -6.595433 5.750000
v 4.600000 -4.700000 5.750000
v 4.149814 -5.425467 5.750000
v 4.230119 -5.436789 5.750000
v 4.306113 -5.465112 5.750000
v 4.374240 -5.509110 5.750000
v 4.431314 -5.566728 5.750000
v 4.693048 -5.894291 5.750000
v -4.600000 4.700000 5.750000
v -5.894291 4.693048 5.750000
v -5.566728 4.431314 5.750000
v -5.509110 4.374240 5.750000
v -5.465112 4.306113 5.750000
v -5.436789 4.230119 5.750000
v -5.425467 4.149814 5.750000
v -5.431675 4.068952 5.750000
v -5.455123 3.991316 5.750000
v -5.494715 3.920537 5.750000
v 6.442658 -6.285979 5.750000
v -5.724718 6.478033 5.750000
v -6.125490 6.595433 5.750000
v -6.285979 6.442658 5.750000
v 6.401350 -5.519068 5.750000
v 5.395895 -6.348977 5.750000
v 6.595433 -6.125490 5.750000
v -5.395895 6.348977 5.750000
v -6.270156 5.231326 5.750000
v 6.270156 -5.231326 5.750000
v 5.008569 -6.143490 5.750000
v 6.143490 -5.008569 5.750000
v -5.008569 6.143490 5.750000
v -6.143490 5.008569 5.750000
v -4.431314 5.566728 5.750000
v -4.374240 5.509110 5.750000
v 5.566728 -4.431314 5.750000
v 5.509110 -4.374240 5.750000
v 5.465112 -4.306113 5.750000
v -4.306113 5.465112 5.750000
v 5.894291 -4.693048 5.750000
v -4.693048 5.894291 5.750000
v -4.230119 5.436789 5.750000
v 5.436789 -4.230119 5.750000
v 5.425467 -4.149814 5.750000
v -4.149814 5.425467 5.750000
v -3.400000 4.700000 5.750000
v 5.431675 -4.068952 5.750000
v -4.068952 5.431675 5.750000
v 5.455123 -3.991316 5.750000
v -3.991316 5.455123 5.750000
v -3.920537 5.494715 5.750000
v 5.494715 -3.920537 5.750000
v -3.807312 5.573767 5.750000
v -3.692494 5.650486 5.750000
v -3.576130 5.724840 5.750000
v -3.512466 5.775080 5.750000
v -3.461093 5.837833 5.750000
v -3.424413 5.910164 5.750000
v 8.272986 -3.546700 5.750000
v 7.767985 -3.794167 5.750000
v 8.183178 -3.749262 5.750000
v -3.546700 8.272986 5.750000
v -3.749262 8.183178 5.750000
v -3.802021 7.548645 5.750000
v -1.886922 6.696983 5.750000
v -3.415805 6.149516 5.750000
v -3.401227 6.069737 5.750000
v 6.641735 -1.827552 5.750000
v 6.069737 -3.401227 5.750000
v 6.696983 -1.886922 5.750000
v 5.988690 -3.404141 5.750000
v -1.827552 6.641735 5.750000
v -3.404141 5.988690 5.750000
v 6.763703 -1.933025 5.750000
v 6.149516 -3.415805 5.750000
v -1.933025 6.763703 5.750000
v 6.600543 -1.757692 5.750000
v 5.910164 -3.424413 5.750000
v -1.757692 6.600543 5.750000
v 6.838776 -1.963706 5.750000
v 6.224295 -3.447195 5.750000
v -1.963706 6.838776 5.750000
v -3.447195 6.224295 5.750000
v 6.575334 -1.680609 5.750000
v 5.837833 -3.461093 5.750000
v -1.680609 6.575334 5.750000
v 6.567287 -1.599910 5.750000
v 5.775080 -3.512466 5.750000
v -1.599910 6.567287 5.750000
v 8.357780 -3.341989 5.750000
v -1.519367 6.576779 5.750000
v 7.241567 -2.080163 5.750000
v 6.591458 -3.649664 5.750000
v -2.080163 7.241567 5.750000
v -3.649664 6.591458 5.750000
v -1.384509 6.606484 5.750000
v 7.592541 -2.276302 5.750000
v 6.978326 -3.759149 5.750000
v -2.276302 7.592541 5.750000
v -3.790927 7.232600 5.750000
v -3.759149 6.978326 5.750000
v 7.794811 -2.433630 5.750000
v 7.414805 -3.800770 5.750000
v -2.809914 8.175676 5.750000
v -3.135252 8.437510 5.750000
v -3.341989 8.357780 5.750000
v -2.555508 7.930609 5.750000
v 8.026133 -2.649264 5.750000
v 8.437510 -3.135252 5.750000
v -1.249072 6.633424 5.750000
v -1.113112 6.657588 5.750000
v -1.035068 6.679641 5.750000
v 6.770746 0.902023 5.750000
v 6.770746 -0.902023 5.750000
v 6.835536 -0.853244 5.750000
v 0.902023 6.770746 5.750000
v -0.853244 6.835536 5.750000
v -0.902023 6.770746 5.750000
v 6.717958 0.963591 5.750000
v 6.679641 -1.035068 5.750000
v 6.717958 -0.963591 5.750000
v 0.963591 6.717958 5.750000
v -0.963591 6.717958 5.750000
v 0.853244 6.835536 5.750000
v 6.835536 0.853244 5.750000
v 6.679641 1.035068 5.750000
v 1.035068 6.679641 5.750000
v 6.909299 0.819536 5.750000
v 6.909299 -0.819536 5.750000
v 6.988584 -0.802475 5.750000
v 0.819536 6.909299 5.750000
v -0.819536 6.909299 5.750000
v 1.113112 6.657588 5.750000
v 0.802475 6.988584 5.750000
v -0.802859 7.069683 5.750000
v -0.802475 6.988584 5.750000
v 6.988584 0.802475 5.750000
v 7.069683 0.802859 5.750000
v 7.069683 -0.802859 5.750000
v 0.802859 7.069683 5.750000
v 1.249072 6.633424 5.750000
v 1.384509 6.606484 5.750000
v 1.519367 6.576779 5.750000
v 3.400000 4.700000 5.750000
v 1.599910 6.567287 5.750000
v 1.680609 6.575334 5.750000
v 7.486379 0.849408 5.750000
v 7.486379 -0.849408 5.750000
v 7.885696 -0.802511 5.750000
v 0.849408 7.486379 5.750000
v -0.849408 7.486379 5.750000
v 1.757692 6.600543 5.750000
v 0.802511 7.885696 5.750000
v -0.734564 8.132776 5.750000
v -0.802511 7.885696 5.750000
v 7.885696 0.802511 5.750000
v 8.132776 0.734564 5.750000
v 8.304878 -0.673931 5.750000
v -0.110789 9.000505 5.750000
v -0.332300 8.995051 5.750000
v -0.623868 8.429008 5.750000
v 9.000505 -0.110789 5.750000
v 8.628647 -0.532674 5.750000
v 8.995051 -0.332300 5.750000
v 0.673931 8.304878 5.750000
v 8.429008 0.623868 5.750000
v 9.000505 0.110789 5.750000
v 0.532674 8.628647 5.750000
v 0.110789 9.000505 5.750000
v 5.837833 3.461093 5.750000
v 6.567287 1.599910 5.750000
v 6.575334 1.680609 5.750000
v 5.775080 3.512466 5.750000
v 3.461093 5.837833 5.750000
v 3.512466 5.775080 5.750000
v 3.576130 5.724840 5.750000
v 8.995051 0.332300 5.750000
v 0.332300 8.995051 5.750000
v 3.424413 5.910164 5.750000
v 5.910164 3.424413 5.750000
v 6.600543 1.757692 5.750000
v 3.692494 5.650486 5.750000
v 3.807312 5.573767 5.750000
v 5.988690 3.404141 5.750000
v 6.641735 1.827552 5.750000
v 6.696983 1.886922 5.750000
v 3.404141 5.988690 5.750000
v 1.827552 6.641735 5.750000
v 3.920537 5.494715 5.750000
v 3.991316 5.455123 5.750000
v 5.455123 3.991316 5.750000
v 4.600000 4.700000 5.750000
v 5.494715 3.920537 5.750000
v 3.401227 6.069737 5.750000
v 1.886922 6.696983 5.750000
v 6.069737 3.401227 5.750000
v 6.763703 1.933025 5.750000
v 4.068952 5.431675 5.750000
v 5.431675 4.068952 5.750000
v 3.415805 6.149516 5.750000
v 1.933025 6.763703 5.750000
v 6.149516 3.415805 5.750000
v 6.838776 1.963706 5.750000
v 4.149814 5.425467 5.750000
v 5.425467 4.149814 5.750000
v 4.230119 5.436789 5.750000
v 5.436789 4.230119 5.750000
v 6.224295 3.447195 5.750000
v 3.447195 6.224295 5.750000
v 1.963706 6.838776 5.750000
v 5.465112 4.306113 5.750000
v 4.306113 5.465112 5.750000
v 4.374240 5.509110 5.750000
v 5.509110 4.374240 5.750000
v 4.431314 5.566728 5.750000
v 5.566728 4.431314 5.750000
v 6.591458 3.649664 5.750000
v 7.241567 2.080163 5.750000
v 3.649664 6.591458 5.750000
v 2.080163 7.241567 5.750000
v 4.693048 5.894291 5.750000
v 5.894291 4.693048 5.750000
v 6.978326 3.759149 5.750000
v 7.592541 2.276302 5.750000
v 3.759149 6.978326 5.750000
v 2.433630 7.794811 5.750000
v 2.276302 7.592541 5.750000
v 7.232600 3.790927 5.750000
v 7.930609 2.555508 5.750000
v 6.143490 5.008569 5.750000
v 5.008569 6.143490 5.750000
v 3.800770 7.414805 5.750000
v 2.649264 8.026133 5.750000
v 7.548645 3.802021 5.750000
v 8.175676 2.809914 5.750000
v 5.231326 6.270156 5.750000
v 3.794167 7.767985 5.750000
v 8.357780 3.341989 5.750000
v 8.437510 3.135252 5.750000
v 3.341989 8.357780 5.750000
v 3.135252 8.437510 5.750000
v 6.348977 5.395895 5.750000
v 8.272986 3.546700 5.750000
v 3.546700 8.272986 5.750000
v 5.519068 6.401350 5.750000
v 8.183178 3.749262 5.750000
v 3.749262 8.183178 5.750000
v 6.478033 5.724718 5.750000
v 6.442658 6.285979 5.750000
v 6.595433 6.125490 5.750000
v 6.285979 6.442658 5.750000
v 6.125490 6.595433 5.750000
v -5.573767 3.807312 5.750000
v -5.650486 3.692494 5.750000
v -5.724840 3.576130 5.750000
v -5.573767 -3.807312 5.750000
v -5.650486 -3.692494 5.750000
v -5.724840 -3.576130 5.750000
v -6.576779 -1.519367 5.750000
v -6.606484 -1.384509 5.750000
v -6.633424 -1.249072 5.750000
v -6.657588 -1.113112 5.750000
v -6.657588 1.113112 5.750000
v -6.633424 1.249072 5.750000
v -6.606484 1.384509 5.750000
v -6.576779 1.519367 5.750000
v 5.573767 -3.807312 5.750000
v 5.650486 -3.692494 5.750000
v 5.724840 -3.576130 5.750000
v 5.573767 3.807312 5.750000
v 5.650486 3.692494 5.750000
v 5.724840 3.576130 5.750000
v 6.576779 -1.519367 5.750000
v 6.606484 -1.384509 5.750000
v 6.633424 -1.249072 5.750000
v 6.657588 -1.113112 5.750000
v 6.576779 1.519367 5.750000
v 6.606484 1.384509 5.750000
v 6.633424 1.249072 5.750000
v 6.657588 1.113112 5.750000
v -2.245532 -1.989368 0.800000
v -1.704194 -2.468952 0.800000
v -2.656368 -1.394170 0.800000
v -1.063815 -2.805049 0.800000
v -2.912825 -0.717947 0.800000
v -0.361610 -2.978127 0.800000
v -3.000000 -0.000000 0.800000
v 0.361610 -2.978127 0.800000
v -2.912825 0.717947 0.800000
v 1.063815 -2.805049 0.800000
v -2.656368 1.394170 0.800000
v 1.704194 -2.468952 0.800000
v -2.245532 1.989368 0.800000
v 2.245532 -1.989368 0.800000
v -1.704194 2.468952 0.800000
v 2.656368 -1.394170 0.800000
v -1.063815 2.805049 0.800000
v 2.912825 -0.717947 0.800000
v -0.361610 2.978127 0.800000
v 3.000000 0.000000 0.800000
v 0.361610 2.978127 0.800000
v 2.912825 0.717947 0.800000
v 1.063815 2.805049 0.800000
v 2.656368 1.394170 0.800000
v 1.704194 2.468952 0.800000
v 2.245532 1.989368 0.800000
v 7.069683 -0.802859 0.000000
v 7.486379 -0.849408 0.000000
v 6.657588 -1.113112 0.000000
v 6.679641 -1.035068 0.000000
v 6.717958 -0.963591 0.000000
v 6.770746 -0.902023 0.000000
v 6.835536 -0.853244 0.000000
v 6.909299 -0.819536 0.000000
v 6.988584 -0.802475 0.000000
v 7.885696 -0.802511 0.000000
v 6.576779 -1.519367 0.000000
v 6.606484 -1.384509 0.000000
v 6.633424 -1.249072 0.000000
v 7.962690 -0.783891 0.000000
v 8.467546 -0.607278 0.488109
v 8.366026 -0.649918 3.375000
v 8.995051 -0.332300 1.000000
v 6.838776 -1.963706 0.000000
v 6.763703 -1.933025 0.000000
v 6.696983 -1.886922 0.000000
v 6.641735 -1.827552 0.000000
v 6.600543 -1.757692 0.000000
v 6.575334 -1.680609 0.000000
v 6.567287 -1.599910 0.000000
v 9.000505 -0.110789 1.000000
v 9.000505 0.110789 1.000000
v 8.995051 0.332300 1.000000
v 7.241567 -2.080163 0.000000
v 7.962690 0.783891 0.000000
v 7.885696 0.802511 0.000000
v 8.467546 0.607278 0.488109
v 8.366026 0.649918 3.375000
v 7.592541 -2.276302 0.000000
v 7.486379 0.849408 0.000000
v 7.656549 -2.322968 0.000000
v 8.055387 -2.679337 0.488109
v 8.437510 -3.135252 1.000000
v 7.977913 -2.601094 3.375000
v 7.069683 0.802859 0.000000
v 8.183178 -3.749262 1.000000
v 8.272986 -3.546700 1.000000
v 8.357780 -3.341989 1.000000
v 6.988584 0.802475 0.000000
v 6.909299 0.819536 0.000000
v 6.835536 0.853244 0.000000
v 6.770746 0.902023 0.000000
v 6.717958 0.963591 0.000000
v 6.679641 1.035068 0.000000
v 6.657588 1.113112 0.000000
v 7.056584 -3.771410 0.000000
v 7.590596 -3.801441 0.488109
v 6.978326 -3.759149 0.000000
v 7.480487 -3.801985 3.375000
v 6.633424 1.249072 0.000000
v 6.606484 1.384509 0.000000
v 6.576779 1.519367 0.000000
v 6.591458 -3.649664 0.000000
v 6.567287 1.599910 0.000000
v 6.575334 1.680609 0.000000
v 6.600543 1.757692 0.000000
v 6.641735 1.827552 0.000000
v 6.696983 1.886922 0.000000
v 6.763703 1.933025 0.000000
v 6.838776 1.963706 0.000000
v 6.224295 -3.447195 0.000000
v 7.241567 2.080163 0.000000
v 5.724840 -3.576130 0.000000
v 5.775080 -3.512466 0.000000
v 5.837833 -3.461093 0.000000
v 5.910164 -3.424413 0.000000
v 5.988690 -3.404141 0.000000
v 6.069737 -3.401227 0.000000
v 6.149516 -3.415805 0.000000
v 7.592541 2.276302 0.000000
v 5.494715 -3.920537 0.000000
v 5.573767 -3.807312 0.000000
v 5.650486 -3.692494 0.000000
v 7.656549 2.322968 0.000000
v 8.055387 2.679337 0.488109
v 7.977913 2.601094 3.375000
v 8.437510 3.135252 1.000000
v 5.566728 -4.431314 0.000000
v 5.509110 -4.374240 0.000000
v 5.465112 -4.306113 0.000000
v 5.436789 -4.230119 0.000000
v 5.425467 -4.149814 0.000000
v 5.431675 -4.068952 0.000000
v 5.455123 -3.991316 0.000000
v 8.357780 3.341989 1.000000
v 8.272986 3.546700 1.000000
v 8.183178 3.749262 1.000000
v 5.894291 -4.693048 0.000000
v 7.056584 3.771410 0.000000
v 6.978326 3.759149 0.000000
v 7.590596 3.801441 0.488109
v 7.480487 3.801985 3.375000
v 6.143490 -5.008569 0.000000
v 6.591458 3.649664 0.000000
v 6.184767 -5.076177 0.000000
v 6.416869 -5.558048 0.488109
v 6.595433 -6.125490 1.000000
v 6.375235 -5.456112 3.375000
v 6.224295 3.447195 0.000000
v 6.125490 -6.595433 1.000000
v 6.285979 -6.442658 1.000000
v 6.442658 -6.285979 1.000000
v 6.149516 3.415805 0.000000
v 6.069737 3.401227 0.000000
v 5.988690 3.404141 0.000000
v 5.910164 3.424413 0.000000
v 5.837833 3.461093 0.000000
v 5.775080 3.512466 0.000000
v 5.724840 3.576130 0.000000
v 5.076177 -6.184767 0.000000
v 5.558048 -6.416869 0.488109
v 5.008569 -6.143490 0.000000
v 5.456112 -6.375235 3.375000
v 5.650486 3.692494 0.000000
v 5.573767 3.807312 0.000000
v 5.494715 3.920537 0.000000
v 4.693048 -5.894291 0.000000
v 5.455123 3.991316 0.000000
v 5.431675 4.068952 0.000000
v 5.425467 4.149814 0.000000
v 5.436789 4.230119 0.000000
v 5.465112 4.306113 0.000000
v 5.509110 4.374240 0.000000
v 5.566728 4.431314 0.000000
v 4.431314 -5.566728 0.000000
v 5.894291 4.693048 0.000000
v 3.920537 -5.494715 0.000000
v 3.991316 -5.455123 0.000000
v 4.068952 -5.431675 0.000000
v 4.149814 -5.425467 0.000000
v 4.230119 -5.436789 0.000000
v 4.306113 -5.465112 0.000000
v 4.374240 -5.509110 0.000000
v 6.143490 5.008569 0.000000
v 3.576130 -5.724840 0.000000
v 3.692494 -5.650486 0.000000
v 3.807312 -5.573767 0.000000
v 6.184767 5.076177 0.000000
v 6.416869 5.558048 0.488109
v 6.375235 5.456112 3.375000
v 6.595433 6.125490 1.000000
v 3.447195 -6.224295 0.000000
v 3.415805 -6.149516 0.000000
v 3.401227 -6.069737 0.000000
v 3.404141 -5.988690 0.000000
v 3.424413 -5.910164 0.000000
v 3.461093 -5.837833 0.000000
v 3.512466 -5.775080 0.000000
v 6.442658 6.285979 1.000000
v 6.285979 6.442658 1.000000
v 6.125490 6.595433 1.000000
v 3.649664 -6.591458 0.000000
v 5.076177 6.184767 0.000000
v 5.008569 6.143490 0.000000
v 5.558048 6.416869 0.488109
v 5.456112 6.375235 3.375000
v 3.759149 -6.978326 0.000000
v 4.693048 5.894291 0.000000
v 3.771410 -7.056584 0.000000
v 3.801441 -7.590596 0.488109
v 3.749262 -8.183178 1.000000
v 3.801985 -7.480487 3.375000
v 4.431314 5.566728 0.000000
v 3.135252 -8.437510 1.000000
v 3.341989 -8.357780 1.000000
v 3.546700 -8.272986 1.000000
v 4.374240 5.509110 0.000000
v 4.306113 5.465112 0.000000
v 4.230119 5.436789 0.000000
v 4.149814 5.425467 0.000000
v 4.068952 5.431675 0.000000
v 3.991316 5.455123 0.000000
v 3.920537 5.494715 0.000000
v 2.322968 -7.656549 0.000000
v 2.679337 -8.055387 0.488109
v 2.276302 -7.592541 0.000000
v 2.601094 -7.977913 3.375000
v 3.807312 5.573767 0.000000
v 3.692494 5.650486 0.000000
v 3.576130 5.724840 0.000000
v 2.080163 -7.241567 0.000000
v 3.512466 5.775080 0.000000
v 3.461093 5.837833 0.000000
v 3.424413 5.910164 0.000000
v 3.404141 5.988690 0.000000
v 3.401227 6.069737 0.000000
v 3.415805 6.149516 0.000000
v 3.447195 6.224295 0.000000
v 1.963706 -6.838776 0.000000
v 3.649664 6.591458 0.000000
v 1.519367 -6.576779 0.000000
v 1.599910 -6.567287 0.000000
v 1.680609 -6.575334 0.000000
v 1.757692 -6.600543 0.000000
v 1.827552 -6.641735 0.000000
v 1.886922 -6.696983 0.000000
v 1.933025 -6.763703 0.000000
v 3.759149 6.978326 0.000000
v 1.113112 -6.657588 0.000000
v 1.249072 -6.633424 0.000000
v 1.384509 -6.606484 0.000000
v 3.771410 7.056584 0.000000
v 3.801441 7.590596 0.488109
v 3.801985 7.480487 3.375000
v 3.749262 8.183178 1.000000
v 0.802859 -7.069683 0.000000
v 0.802475 -6.988584 0.000000
v 0.819536 -6.909299 0.000000
v 0.853244 -6.835536 0.000000
v 0.902023 -6.770746 0.000000
v 0.963591 -6.717958 0.000000
v 1.035068 -6.679641 0.000000
v 3.546700 8.272986 1.000000
v 3.341989 8.357780 1.000000
v 3.135252 8.437510 1.000000
v 0.849408 -7.486379 0.000000
v 2.322968 7.656549 0.000000
v 2.276302 7.592541 0.000000
v 2.679337 8.055387 0.488109
v 2.601094 7.977913 3.375000
v 0.802511 -7.885696 0.000000
v 2.080163 7.241567 0.000000
v 0.783891 -7.962690 0.000000
v 0.607278 -8.467546 0.488109
v 0.332300 -8.995051 1.000000
v 0.649918 -8.366026 3.375000
v 1.963706 6.838776 0.000000
v -0.332300 -8.995051 1.000000
v -0.110789 -9.000505 1.000000
v 0.110789 -9.000505 1.000000
v 1.933025 6.763703 0.000000
v 1.886922 6.696983 0.000000
v 1.827552 6.641735 0.000000
v 1.757692 6.600543 0.000000
v 1.680609 6.575334 0.000000
v 1.599910 6.567287 0.000000
v 1.519367 6.576779 0.000000
v -0.783891 -7.962690 0.000000
v -0.607278 -8.467546 0.488109
v -0.802511 -7.885696 0.000000
v -0.649918 -8.366026 3.375000
v 1.384509 6.606484 0.000000
v 1.249072 6.633424 0.000000
v 1.113112 6.657588 0.000000
v -0.849408 -7.486379 0.000000
v 1.035068 6.679641 0.000000
v 0.963591 6.717958 0.000000
v 0.902023 6.770746 0.000000
v 0.853244 6.835536 0.000000
v 0.819536 6.909299 0.000000
v 0.802475 6.988584 0.000000
v 0.802859 7.069683 0.000000
v -0.802859 -7.069683 0.000000
v 0.849408 7.486379 0.000000
v -1.113112 -6.657588 0.000000
v -1.035068 -6.679641 0.000000
v -0.963591 -6.717958 0.000000
v -0.902023 -6.770746 0.000000
v -0.853244 -6.835536 0.000000
v -0.819536 -6.909299 0.000000
v -0.802475 -6.988584 0.000000
v 0.802511 7.885696 0.000000
v -1.519367 -6.576779 0.000000
v -1.384509 -6.606484 0.000000
v -1.249072 -6.633424 0.000000
v 0.783891 7.962690 0.000000
v 0.607278 8.467546 0.488109
v 0.649918 8.366026 3.375000
v 0.332300 8.995051 1.000000
v -1.963706 -6.838776 0.000000
v -1.933025 -6.763703 0.000000
v -1.886922 -6.696983 0.000000
v -1.827552 -6.641735 0.000000
v -1.757692 -6.600543 0.000000
v -1.680609 -6.575334 0.000000
v -1.599910 -6.567287 0.000000
v 0.110789 9.000505 1.000000
v -0.110789 9.000505 1.000000
v -0.332300 8.995051 1.000000
v -2.080163 -7.241567 0.000000
v -0.783891 7.962690 0.000000
v -0.802511 7.885696 0.000000
v -0.607278 8.467546 0.488109
v -0.649918 8.366026 3.375000
v -2.276302 -7.592541 0.000000
v -0.849408 7.486379 0.000000
v -2.322968 -7.656549 0.000000
v -2.679337 -8.055387 0.488109
v -3.135252 -8.437510 1.000000
v -2.601094 -7.977913 3.375000
v -0.802859 7.069683 0.000000
v -3.749262 -8.183178 1.000000
v -3.546700 -8.272986 1.000000
v -3.341989 -8.357780 1.000000
v -0.802475 6.988584 0.000000
v -0.819536 6.909299 0.000000
v -0.853244 6.835536 0.000000
v -0.902023 6.770746 0.000000
v -0.963591 6.717958 0.000000
v -1.035068 6.679641 0.000000
v -1.113112 6.657588 0.000000
v -3.771410 -7.056584 0.000000
v -3.801441 -7.590596 0.488109
v -3.759149 -6.978326 0.000000
v -3.801985 -7.480487 3.375000
v -1.249072 6.633424 0.000000
v -1.384509 6.606484 0.000000
v -1.519367 6.576779 0.000000
v -3.649664 -6.591458 0.000000
v -1.599910 6.567287 0.000000
v -1.680609 6.575334 0.000000
v -1.757692 6.600543 0.000000
v -1.827552 6.641735 0.000000
v -1.886922 6.696983 0.000000
v -1.933025 6.763703 0.000000
v -1.963706 6.838776 0.000000
v -3.447195 -6.224295 0.000000
v -2.080163 7.241567 0.000000
v -3.576130 -5.724840 0.000000
v -3.512466 -5.775080 0.000000
v -3.461093 -5.837833 0.000000
v -3.424413 -5.910164 0.000000
v -3.404141 -5.988690 0.000000
v -3.401227 -6.069737 0.000000
v -3.415805 -6.149516 0.000000
v -2.276302 7.592541 0.000000
v -3.920537 -5.494715 0.000000
v -3.807312 -5.573767 0.000000
v -3.692494 -5.650486 0.000000
v -2.322968 7.656549 0.000000
v -2.679337 8.055387 0.488109
v -2.601094 7.977913 3.375000
v -3.135252 8.437510 1.000000
v -4.431314 -5.566728 0.000000
v -4.374240 -5.509110 0.000000
v -4.306113 -5.465112 0.000000
v -4.230119 -5.436789 0.000000
v -4.149814 -5.425467 0.000000
v -4.068952 -5.431675 0.000000
v -3.991316 -5.455123 0.000000
v -3.341989 8.357780 1.000000
v -3.546700 8.272986 1.000000
v -3.749262 8.183178 1.000000
v -4.693048 -5.894291 0.000000
v -3.771410 7.056584 0.000000
v -3.759149 6.978326 0.000000
v -3.801441 7.590596 0.488109
v -3.801985 7.480487 3.375000
v -5.008569 -6.143490 0.000000
v -3.649664 6.591458 0.000000
v -5.076177 -6.184767 0.000000
v -5.558048 -6.416869 0.488109
v -6.125490 -6.595433 1.000000
v -5.456112 -6.375235 3.375000
v -3.447195 6.224295 0.000000
v -6.595433 -6.125490 1.000000
v -6.442658 -6.285979 1.000000
v -6.285979 -6.442658 1.000000
v -3.415805 6.149516 0.000000
v -3.401227 6.069737 0.000000
v -3.404141 5.988690 0.000000
v -3.424413 5.910164 0.000000
v -3.461093 5.837833 0.000000
v -3.512466 5.775080 0.000000
v -3.576130 5.724840 0.000000
v -6.184767 -5.076177 0.000000
v -6.416869 -5.558048 0.488109
v -6.143490 -5.008569 0.000000
v -6.375235 -5.456112 3.375000
v -3.692494 5.650486 0.000000
v -3.807312 5.573767 0.000000
v -3.920537 5.494715 0.000000
v -5.894291 -4.693048 0.000000
v -3.991316 5.455123 0.000000
v -4.068952 5.431675 0.000000
v -4.149814 5.425467 0.000000
v -4.230119 5.436789 0.000000
v -4.306113 5.465112 0.000000
v -4.374240 5.509110 0.000000
v -4.431314 5.566728 0.000000
v -5.566728 -4.431314 0.000000
v -4.693048 5.894291 0.000000
v -5.494715 -3.920537 0.000000
v -5.455123 -3.991316 0.000000
v -5.431675 -4.068952 0.000000
v -5.425467 -4.149814 0.000000
v -5.436789 -4.230119 0.000000
v -5.465112 -4.306113 0.000000
v -5.509110 -4.374240 0.000000
v -5.008569 6.143490 0.000000
v -5.724840 -3.576130 0.000000
v -5.650486 -3.692494 0.000000
v -5.573767 -3.807312 0.000000
v -5.076177 6.184767 0.000000
v -5.558048 6.416869 0.488109
v -5.456112 6.375235 3.375000
v -6.125490 6.595433 1.000000
v -6.224295 -3.447195 0.000000
v -6.149516 -3.415805 0.000000
v -6.069737 -3.401227 0.000000
v -5.988690 -3.404141 0.000000
v -5.910164 -3.424413 0.000000
v -5.837833 -3.461093 0.000000
v -5.775080 -3.512466 0.000000
v -6.285979 6.442658 1.000000
v -6.442658 6.285979 1.000000
v -6.595433 6.125490 1.000000
v -6.591458 -3.649664 0.000000
v -6.184767 5.076177 0.000000
v -6.143490 5.008569 0.000000
v -6.416869 5.558048 0.488109
v -6.375235 5.456112 3.375000
v -6.978326 -3.759149 0.000000
v -5.894291 4.693048 0.000000
v -7.056584 -3.771410 0.000000
v -7.590596 -3.801441 0.488109
v -8.183178 -3.749262 1.000000
v -7.480487 -3.801985 3.375000
v -5.566728 4.431314 0.000000
v -8.437510 -3.135252 1.000000
v -8.357780 -3.341989 1.000000
v -8.272986 -3.546700 1.000000
v -5.509110 4.374240 0.000000
v -5.465112 4.306113 0.000000
v -5.436789 4.230119 0.000000
v -5.425467 4.149814 0.000000
v -5.431675 4.068952 0.000000
v -5.455123 3.991316 0.000000
v -5.494715 3.920537 0.000000
v -7.656549 -2.322968 0.000000
v -8.055387 -2.679337 0.488109
v -7.592541 -2.276302 0.000000
v -7.977913 -2.601094 3.375000
v -5.573767 3.807312 0.000000
v -5.650486 3.692494 0.000000
v -5.724840 3.576130 0.000000
v -7.241567 -2.080163 0.000000
v -5.775080 3.512466 0.000000
v -5.837833 3.461093 0.000000
v -5.910164 3.424413 0.000000
v -5.988690 3.404141 0.000000
v -6.069737 3.401227 0.000000
v -6.149516 3.415805 0.000000
v -6.224295 3.447195 0.000000
v -6.838776 -1.963706 0.000000
v -6.591458 3.649664 0.000000
v -6.576779 -1.519367 0.000000
v -6.567287 -1.599910 0.000000
v -6.575334 -1.680609 0.000000
v -6.600543 -1.757692 0.000000
v -6.641735 -1.827552 0.000000
v -6.696983 -1.886922 0.000000
v -6.763703 -1.933025 0.000000
v -6.978326 3.759149 0.000000
v -6.657588 -1.113112 0.000000
v -6.633424 -1.249072 0.000000
v -6.606484 -1.384509 0.000000
v -7.056584 3.771410 0.000000
v -7.590596 3.801441 0.488109
v -7.480487 3.801985 3.375000
v -8.183178 3.749262 1.000000
v -7.069683 -0.802859 0.000000
v -6.988584 -0.802475 0.000000
v -6.909299 -0.819536 0.000000
v -6.835536 -0.853244 0.000000
v -6.770746 -0.902023 0.000000
v -6.717958 -0.963591 0.000000
v -6.679641 -1.035068 0.000000
v -8.272986 3.546700 1.000000
v -8.357780 3.341989 1.000000
v -8.437510 3.135252 1.000000
v -7.486379 -0.849408 0.000000
v -7.656549 2.322968 0.000000
v -7.592541 2.276302 0.000000
v -8.055387 2.679337 0.488109
v -7.977913 2.601094 3.375000
v -7.885696 -0.802511 0.000000
v -7.241567 2.080163 0.000000
v -7.962690 -0.783891 0.000000
v -8.467546 -0.607278 0.488109
v -8.995051 -0.332300 1.000000
v -8.366026 -0.649918 3.375000
v -6.838776 1.963706 0.000000
v -8.995051 0.332300 1.000000
v -9.000505 0.110789 1.000000
v -9.000505 -0.110789 1.000000
v -6.763703 1.933025 0.000000
v -6.696983 1.886922 0.000000
v -6.641735 1.827552 0.000000
v -6.600543 1.757692 0.000000
v -6.575334 1.680609 0.000000
v -6.567287 1.599910 0.000000
v -6.576779 1.519367 0.000000
v -7.962690 0.783891 0.000000
v -8.467546 0.607278 0.488109
v -7.885696 0.802511 0.000000
v -8.366026 0.649918 3.375000
v -6.606484 1.384509 0.000000
v -6.633424 1.249072 0.000000
v -6.657588 1.113112 0.000000
v -7.486379 0.849408 0.000000
v -6.679641 1.035068 0.000000
v -6.717958 0.963591 0.000000
v -6.770746 0.902023 0.000000
v -6.835536 0.853244 0.000000
v -6.909299 0.819536 0.000000
v -6.988584 0.802475 0.000000
v -7.069683 0.802859 0.000000
v -4.600000 -4.700000 2.250000
v -3.400000 -4.700000 2.250000
v -3.400000 4.700000 2.250000
v -4.600000 4.700000 2.250000
v 3.400000 -4.700000 2.250000
v 3.400000 4.700000 2.250000
v 4.600000 -4.700000 2.250000
v 4.600000 4.700000 2.250000
v 3.000000 0.000000 0.000000
v 2.912825 -0.717947 0.000000
v 2.656368 -1.394170 0.000000
v 2.245532 -1.989368 0.000000
v 1.704194 -2.468952 0.000000
v 1.063815 -2.805049 0.000000
v 0.361610 -2.978127 0.000000
v -0.361610 -2.978127 0.000000
v -1.063815 -2.805049 0.000000
v -1.704194 -2.468952 0.000000
v -2.245532 -1.989368 0.000000
v -2.656368 -1.394170 0.000000
v -2.912825 -0.717947 0.000000
v -3.000000 -0.000000 0.000000
v -2.912825 0.717947 0.000000
v -2.656368 1.394170 0.000000
v -2.245532 1.989368 0.000000
v -1.704194 2.468952 0.000000
v -1.063815 2.805049 0.000000
v -0.361610 2.978127 0.000000
v 0.361610 2.978127 0.000000
v 1.063815 2.805049 0.000000
v 1.704194 2.468952 0.000000
v 2.245532 1.989368 0.000000
v 2.656368 1.394170 0.000000
v 2.912825 0.717947 0.000000
v -5.469638 -5.839696 0.000000
v -5.839696 -5.469638 0.000000
v -7.288042 -3.302036 0.000000
v -3.302036 -7.288042 0.000000
v -2.818532 -7.488316 0.000000
v -7.488316 -2.818532 0.000000
v -0.261670 -7.996907 0.000000
v -7.996907 -0.261670 0.000000
v 0.261670 -7.996907 0.000000
v -7.996907 0.261670 0.000000
v -7.488316 2.818532 0.000000
v 2.818532 -7.488316 0.000000
v -7.288042 3.302036 0.000000
v 3.302036 -7.288042 0.000000
v 5.469638 -5.839696 0.000000
v -5.839696 5.469638 0.000000
v -5.469638 5.839696 0.000000
v 5.839696 -5.469638 0.000000
v 7.288042 -3.302036 0.000000
v -3.302036 7.288042 0.000000
v -2.818532 7.488316 0.000000
v 7.488316 -2.818532 0.000000
v -0.261670 7.996907 0.000000
v 7.996907 -0.261670 0.000000
v 0.261670 7.996907 0.000000
v 7.996907 0.261670 0.000000
v 2.818532 7.488316 0.000000
v 7.488316 2.818532 0.000000
v 3.302036 7.288042 0.000000
v 7.288042 3.302036 0.000000
v 5.839696 5.469638 0.000000
v 5.469638 5.839696 0.000000
vn -0.992709 -0.120537 0.000000
vn -0.992709 -0.120537 0.000000
vn -0.822984 -0.568065 0.000000
vn -0.935016 -0.354605 0.000000
vn -0.935016 -0.354605 0.000000
vn -0.822984 -0.568065 0.000000
vn -0.663123 -0.748511 0.000000
vn -0.663123 -0.748511 0.000000
vn -0.464723 -0.885456 0.000000
vn -0.464723 -0.885456 0.000000
vn 0.000000 -1.000000 0.000000
vn -0.239316 -0.970942 0.000000
vn -0.239316 -0.970942 0.000000
vn 0.000000 -1.000000 0.000000
vn 0.464723 -0.885456 0.000000
vn 0.239316 -0.970942 0.000000
vn 0.239316 -0.970942 0.000000
vn 0.464723 -0.885456 0.000000
vn 0.663123 -0.748511 0.000000
vn 0.663123 -0.748511 0.000000
vn 0.822984 -0.568065 0.000000
vn 0.822984 -0.568065 0.000000
vn 0.935016 -0.354605 0.000000
vn 0.935016 -0.354605 0.000000
vn 0.992709 -0.120537 0.000000
vn 0.992709 0.120537 -0.000000
vn 0.992709 -0.120537 0.000000
vn 0.992709 0.120537 -0.000000
vn 0.935016 0.354605 0.000000
vn 0.822984 0.568065 -0.000000
vn 0.935016 0.354605 -0.000000
vn 0.822984 0.568065 -0.000000
vn 0.663123 0.748511 0.000000
vn 0.663123 0.748511 -0.000000
vn 0.464723 0.885456 0.000000
vn 0.464723 0.885456 -0.000000
vn 0.239316 0.970942 0.000000
vn 0.239316 0.970942 -0.000000
vn 0.000000 1.000000 0.000000
vn 0.000000 1.000000 -0.000000
vn -0.239316 0.970942 0.000000
vn -0.239316 0.970942 0.000000
vn -0.464723 0.885456 0.000000
vn -0.464723 0.885456 0.000000
vn -0.822984 0.568065 0.000000
vn -0.663123 0.748511 0.000000
vn -0.663123 0.748511 0.000000
vn -0.822984 0.568065 0.000000
vn -0.992709 0.120537 0.000000
vn -0.935016 0.354605 0.000000
vn -0.935016 0.354605 0.000000
vn -0.992709 0.120537 0.000000
vn -0.706667 0.035269 -0.706667
vn -0.706667 0.035269 -0.706667
vn -0.671726 0.081562 -0.736296
vn -0.738872 0.089715 -0.667847
vn -0.686686 0.103501 -0.719548
vn -0.714979 0.107765 -0.690791
vn -0.690888 0.175922 -0.701232
vn -0.679661 0.173063 -0.712819
vn -0.687004 0.250049 -0.682277
vn -0.634569 0.240660 -0.734442
vn -0.693873 0.263151 -0.670292
vn -0.646368 0.235259 -0.725853
vn -0.640061 0.308238 -0.703784
vn -0.634493 0.305556 -0.709968
vn -0.556109 0.383854 -0.737156
vn -0.613393 0.423395 -0.666698
vn -0.600423 0.366910 -0.710541
vn -0.607617 0.371307 -0.702091
vn -0.558054 0.422709 -0.714068
vn -0.570995 0.432512 -0.697781
vn -0.451515 0.509655 -0.732384
vn -0.490499 0.553659 -0.672958
vn -0.521849 0.484205 -0.702296
vn -0.515003 0.477853 -0.711638
vn -0.451466 0.511573 -0.731075
vn -0.488319 0.553333 -0.674809
vn -0.415769 0.578299 -0.701930
vn -0.409866 0.570089 -0.712045
vn -0.314086 0.598441 -0.737034
vn -0.349380 0.605144 -0.715357
vn -0.358939 0.621699 -0.696170
vn -0.346303 0.659825 -0.666862
vn -0.289843 0.642359 -0.709482
vn -0.292357 0.647931 -0.703358
vn -0.162272 0.658364 -0.735000
vn -0.224517 0.668239 -0.709259
vn -0.177753 0.721174 -0.669561
vn -0.226060 0.672833 -0.704409
vn -0.153447 0.672298 -0.724203
vn -0.162209 0.710684 -0.684556
vn -0.087195 0.695794 -0.712929
vn -0.088661 0.707498 -0.701132
vn 0.000000 0.677061 -0.735927
vn 0.000000 0.743858 -0.668338
vn -0.017274 0.692668 -0.721050
vn -0.018073 0.724716 -0.688810
vn 0.052805 0.704628 -0.707609
vn 0.052936 0.706379 -0.705851
vn 0.161855 0.656672 -0.736604
vn 0.178210 0.723028 -0.667437
vn 0.122712 0.695933 -0.707544
vn 0.123041 0.697801 -0.705645
vn 0.188489 0.669931 -0.718098
vn 0.195343 0.694291 -0.692677
vn 0.256300 0.653041 -0.712635
vn 0.260404 0.663499 -0.701398
vn 0.315707 0.601529 -0.733820
vn 0.344529 0.656445 -0.671103
vn 0.334544 0.652552 -0.679895
vn 0.312986 0.610502 -0.727548
vn 0.381733 0.591039 -0.710600
vn 0.385734 0.597233 -0.703223
vn 0.448043 0.505736 -0.737217
vn 0.494293 0.557941 -0.666615
vn 0.438017 0.549256 -0.711659
vn 0.444808 0.557771 -0.700740
vn 0.489696 0.502060 -0.712835
vn 0.499116 0.511719 -0.699304
vn 0.559698 0.386332 -0.733134
vn 0.609468 0.420685 -0.671992
vn 0.545010 0.457318 -0.702726
vn 0.538555 0.451901 -0.711157
vn 0.565316 0.385427 -0.729290
vn 0.607789 0.414384 -0.677406
vn 0.625768 0.340775 -0.701631
vn 0.616334 0.335637 -0.712377
vn 0.632124 0.239733 -0.736850
vn 0.696550 0.264167 -0.667109
vn 0.642620 0.270887 -0.716700
vn 0.663023 0.279488 -0.694469
vn 0.674374 0.208017 -0.708483
vn 0.678134 0.209176 -0.704542
vn 0.695049 0.140507 -0.705099
vn 0.672590 0.081667 -0.735495
vn 0.737924 0.089600 -0.668909
vn 0.691745 0.139839 -0.708473
vn 0.687830 0.068828 -0.722602
vn 0.723298 0.072377 -0.686733
vn 0.713065 0.000000 -0.701098
vn 0.701198 0.000000 -0.712966
vn 0.723298 -0.072377 -0.686733
vn 0.672590 -0.081667 -0.735495
vn 0.687830 -0.068828 -0.722602
vn 0.737924 -0.089600 -0.668909
vn 0.695049 -0.140507 -0.705099
vn 0.691745 -0.139839 -0.708473
vn 0.678134 -0.209176 -0.704542
vn 0.632124 -0.239733 -0.736850
vn 0.674374 -0.208017 -0.708483
vn 0.696550 -0.264167 -0.667108
vn 0.642620 -0.270887 -0.716700
vn 0.663023 -0.279488 -0.694469
vn 0.616334 -0.335637 -0.712377
vn 0.625768 -0.340775 -0.701631
vn 0.607789 -0.414384 -0.677406
vn 0.565316 -0.385427 -0.729290
vn 0.559698 -0.386332 -0.733134
vn 0.609468 -0.420685 -0.671992
vn 0.545010 -0.457318 -0.702726
vn 0.538555 -0.451901 -0.711157
vn 0.448043 -0.505736 -0.737217
vn 0.499116 -0.511719 -0.699304
vn 0.489696 -0.502060 -0.712835
vn 0.494293 -0.557941 -0.666615
vn 0.444808 -0.557771 -0.700740
vn 0.438017 -0.549256 -0.711659
vn 0.315707 -0.601529 -0.733820
vn 0.381733 -0.591039 -0.710600
vn 0.385734 -0.597233 -0.703223
vn 0.344529 -0.656445 -0.671103
vn 0.334544 -0.652552 -0.679895
vn 0.312986 -0.610502 -0.727548
vn 0.256300 -0.653041 -0.712635
vn 0.260404 -0.663499 -0.701398
vn 0.161855 -0.656672 -0.736604
vn 0.188489 -0.669931 -0.718098
vn 0.195343 -0.694291 -0.692677
vn 0.178210 -0.723028 -0.667437
vn 0.122712 -0.695933 -0.707544
vn 0.123041 -0.697801 -0.705645
vn 0.000000 -0.677061 -0.735927
vn 0.052936 -0.706379 -0.705851
vn 0.052805 -0.704628 -0.707609
vn -0.000000 -0.743858 -0.668338
vn -0.017274 -0.692668 -0.721050
vn -0.018073 -0.724716 -0.688810
vn -0.088661 -0.707498 -0.701131
vn -0.087195 -0.695794 -0.712929
vn -0.162272 -0.658364 -0.735000
vn -0.153447 -0.672298 -0.724203
vn -0.177753 -0.721174 -0.669561
vn -0.162209 -0.710684 -0.684556
vn -0.226060 -0.672833 -0.704409
vn -0.224517 -0.668239 -0.709259
vn -0.314086 -0.598441 -0.737034
vn -0.289843 -0.642359 -0.709482
vn -0.346303 -0.659825 -0.666862
vn -0.292357 -0.647931 -0.703358
vn -0.349380 -0.605144 -0.715357
vn -0.358939 -0.621699 -0.696170
vn -0.415769 -0.578299 -0.701930
vn -0.409866 -0.570089 -0.712045
vn -0.451515 -0.509655 -0.732384
vn -0.490499 -0.553659 -0.672958
vn -0.451466 -0.511574 -0.731075
vn -0.488319 -0.553333 -0.674809
vn -0.521849 -0.484205 -0.702296
vn -0.515003 -0.477853 -0.711638
vn -0.556109 -0.383854 -0.737156
vn -0.613393 -0.423395 -0.666698
vn -0.558054 -0.422709 -0.714068
vn -0.570995 -0.432512 -0.697781
vn -0.600423 -0.366911 -0.710541
vn -0.607617 -0.371307 -0.702091
vn -0.634569 -0.240660 -0.734442
vn -0.693873 -0.263151 -0.670292
vn -0.640061 -0.308238 -0.703784
vn -0.634493 -0.305556 -0.709968
vn -0.646368 -0.235259 -0.725853
vn -0.687004 -0.250049 -0.682277
vn -0.690888 -0.175922 -0.701232
vn -0.679661 -0.173063 -0.712819
vn -0.671726 -0.081562 -0.736296
vn -0.706667 -0.035269 -0.706667
vn -0.706667 -0.035269 -0.706667
vn -0.738872 -0.089715 -0.667847
vn -0.686686 -0.103501 -0.719548
vn -0.714979 -0.107765 -0.690791
vn 0.000000 0.000000 1.000000
vn 0.000000 0.000000 1.000000
vn 0.000000 0.000000 1.000000
vn 0.000000 0.000000 1.000000
vn 0.000000 0.000000 1.000000
vn 0.000000 0.000000 1.000000
vn 0.000000 0.000000 1.000000
vn 0.000000 0.000000 1.000000
vn 0.000000 0.000000 1.000000
vn 0.000000 0.000000 1.000000
vn 0.000000 0.000000 1.000000
vn 0.000000 0.000000 1.000000
vn 0.000000 0.000000 1.000000
vn 0.000000 0.000000 1.000000
vn 0.000000 0.000000 1.000000
vn 0.000000 0.000000 1.000000
vn 0.000000 0.000000 1.000000
vn 0.000000 0.000000 1.000000
vn 0.000000 0.000000 1.000000
vn 0.000000 0.000000 1.000000
vn 0.000000 0.000000 1.000000
vn 0.000000 0.000000 1.000000
vn 0.000000 0.000000 1.000000
vn 0.000000 0.000000 1.000000
vn 0.000000 0.000000 1.000000
vn 0.000000 0.000000 1.000000
vn 0.000000 0.000000 1.000000
vn 0.000000 0.000000 1.000000
vn 0.000000 0.000000 1.000000
vn 0.000000 0.000000 1.000000
vn 0.000000 0.000000 1.000000
vn 0.000000 0.000000 1.000000
vn 0.000000 0.000000 1.000000
vn 0.000000 0.000000 1.000000
vn 0.000000 0.000000 1.000000
vn 0.000000 0.000000 1.000000
vn 0.000000 0.000000 1.000000
vn 0.000000 0.000000 1.000000
vn 0.000000 0.000000 1.000000
vn 0.000000 0.000000 1.000000
vn 0.000000 0.000000 1.000000
vn 0.000000 0.000000 1.000000
vn 0.000000 0.000000 1.000000
vn 0.000000 0.000000 1.000000
vn 0.000000 0.000000 1.000000
vn 0.000000 0.000000 1.000000
vn 0.000000 0.000000 1.000000
vn 0.000000 0.000000 1.000000
vn 0.000000 0.000000 1.000000
vn 0.000000 0.000000 1.000000
vn 0.000000 0.000000 1.000000
vn 0.000000 0.000000 1.000000
vn 0.000000 0.000000 1.000000
vn 0.000000 0.000000 1.000000
vn 0.000000 0.000000 1.000000
vn 0.000000 0.000000 1.000000
vn 0.000000 0.000000 1.000000
vn 0.000000 0.000000 1.000000
vn 0.000000 0.000000 1.000000
vn 0.000000 0.000000 1.000000
vn 0.000000 0.000000 1.000000
vn 0.000000 0.000000 1.000000
vn 0.000000 0.000000 1.000000
vn 0.000000 0.000000 1.000000
vn 0.000000 0.000000 1.000000
vn 0.000000 0.000000 1.000000
vn 0.000000 0.000000 1.000000
vn 0.000000 0.000000 1.000000
vn 0.000000 0.000000 1.000000
vn 0.000000 0.000000 1.000000
vn 0.000000 0.000000 1.000000
vn 0.000000 0.000000 1.000000
vn 0.000000 0.000000 1.000000
vn 0.000000 0.000000 1.000000
vn 0.000000 0.000000 1.000000
vn 0.000000 0.000000 1.000000
vn 0.000000 0.000000 1.000000
vn 0.000000 0.000000 1.000000
vn 0.000000 0.000000 1.000000
vn 0.000000 0.000000 1.000000
vn 0.000000 0.000000 1.000000
vn 0.000000 0.000000 1.000000
vn 0.000000 0.000000 1.000000
vn 0.000000 0.000000 1.000000
vn 0.000000 0.000000 1.000000
vn 0.000000 0.000000 1.000000
vn 0.000000 0.000000 1.000000
vn 0.000000 0.000000 1.000000
vn 0.000000 0.000000 1.000000
vn 0.000000 0.000000 1.000000
vn 0.000000 0.000000 1.000000
vn 0.000000 0.000000 1.000000
vn 0.000000 0.000000 1.000000
vn 0.000000 0.000000 1.000000
vn 0.000000 0.000000 1.000000
vn 0.000000 0.000000 1.000000
vn 0.000000 0.000000 1.000000
vn 0.000000 0.000000 1.000000
vn 0.000000 0.000000 1.000000
vn 0.000000 0.000000 1.000000
vn 0.000000 0.000000 1.000000
vn 0.000000 0.000000 1.000000
vn 0.000000 0.000000 1.000000
vn 0.000000 0.000000 1.000000
vn 0.000000 0.000000 1.000000
vn 0.000000 0.000000 1.000000
vn 0.000000 0.000000 1.000000
vn 0.000000 0.000000 1.000000
vn 0.000000 0.000000 1.000000
vn 0.000000 0.000000 1.000000
vn 0.000000 0.000000 1.000000
vn 0.000000 0.000000 1.000000
vn 0.000000 0.000000 1.000000
vn 0.000000 0.000000 1.000000
vn 0.000000 0.000000 1.000000
vn 0.000000 0.000000 1.000000
vn 0.000000 0.000000 1.000000
vn 0.000000 0.000000 1.000000
vn 0.000000 0.000000 1.000000
vn 0.000000 0.000000 1.000000
vn 0.000000 0.000000 1.000000
vn 0.000000 0.000000 1.000000
vn 0.000000 0.000000 1.000000
vn 0.000000 0.000000 1.000000
vn 0.000000 0.000000 1.000000
vn 0.000000 0.000000 1.000000
vn 0.000000 0.000000 1.000000
vn 0.000000 0.000000 1.000000
vn 0.000000 0.000000 1.000000
vn 0.000000 0.000000 1.000000
vn 0.000000 0.000000 1.000000
vn 0.000000 0.000000 1.000000
vn 0.000000 0.000000 1.000000
vn 0.000000 0.000000 1.000000
vn 0.000000 0.000000 1.000000
vn 0.000000 0.000000 1.000000
vn 0.000000 0.000000 1.000000
vn 0.000000 0.000000 1.000000
vn 0.000000 0.000000 1.000000
vn 0.000000 0.000000 1.000000
vn 0.000000 0.000000 1.000000
vn 0.000000 0.000000 1.000000
vn 0.000000 0.000000 1.000000
vn 0.000000 0.000000 1.000000
vn 0.000000 0.000000 1.000000
vn 0.000000 0.000000 1.000000
vn 0.000000 0.000000 1.000000
vn 0.000000 0.000000 1.000000
vn 0.000000 0.000000 1.000000
vn 0.000000 0.000000 1.000000
vn 0.000000 0.000000 1.000000
vn 0.000000 0.000000 1.000000
vn 0.000000 0.000000 1.000000
vn 0.000000 0.000000 1.000000
vn 0.000000 0.000000 1.000000
vn 0.000000 0.000000 1.000000
vn 0.000000 0.000000 1.000000
vn 0.000000 0.000000 1.000000
vn 0.000000 0.000000 1.000000
vn 0.000000 0.000000 1.000000
vn 0.000000 0.000000 1.000000
vn 0.000000 0.000000 1.000000
vn 0.000000 0.000000 1.000000
vn 0.000000 0.000000 1.000000
vn 0.000000 0.000000 1.000000
vn 0.000000 0.000000 1.000000
vn 0.000000 0.000000 1.000000
vn 0.000000 0.000000 1.000000
vn 0.000000 0.000000 1.000000
vn 0.000000 0.000000 1.000000
vn 0.000000 0.000000 1.000000
vn 0.000000 0.000000 1.000000
vn 0.000000 0.000000 1.000000
vn 0.000000 0.000000 1.000000
vn 0.000000 0.000000 1.000000
vn 0.000000 0.000000 1.000000
vn 0.000000 0.000000 1.000000
vn 0.000000 0.000000 1.000000
vn 0.000000 0.000000 1.000000
vn 0.000000 0.000000 1.000000
vn 0.000000 0.000000 1.000000
vn 0.000000 0.000000 1.000000
vn 0.000000 0.000000 1.000000
vn 0.000000 0.000000 1.000000
vn 0.000000 0.000000 1.000000
vn 0.000000 0.000000 1.000000
vn 0.000000 0.000000 1.000000
vn 0.000000 0.000000 1.000000
vn 0.000000 0.000000 1.000000
vn 0.000000 0.000000 1.000000
vn 0.000000 0.000000 1.000000
vn 0.000000 0.000000 1.000000
vn 0.000000 0.000000 1.000000
vn 0.000000 0.000000 1.000000
vn 0.000000 0.000000 1.000000
vn 0.000000 0.000000 1.000000
vn 0.000000 0.000000 1.000000
vn 0.000000 0.000000 1.000000
vn 0.000000 0.000000 1.000000
vn 0.000000 0.000000 1.000000
vn 0.000000 0.000000 1.000000
vn 0.000000 0.000000 1.000000
vn 0.000000 0.000000 1.000000
vn 0.000000 0.000000 1.000000
vn 0.000000 0.000000 1.000000
vn 0.000000 0.000000 1.000000
vn 0.000000 0.000000 1.000000
vn 0.000000 0.000000 1.000000
vn 0.000000 0.000000 1.000000
vn 0.000000 0.000000 1.000000
vn 0.000000 0.000000 1.000000
vn 0.000000 0.000000 1.000000
vn 0.000000 0.000000 1.000000
vn 0.000000 0.000000 1.000000
vn 0.000000 0.000000 1.000000
vn 0.000000 0.000000 1.000000
vn 0.000000 0.000000 1.000000
vn 0.000000 0.000000 1.000000
vn 0.000000 0.000000 1.000000
vn 0.000000 0.000000 1.000000
vn 0.000000 0.000000 1.000000
vn 0.000000 0.000000 1.000000
vn 0.000000 0.000000 1.000000
vn 0.000000 0.000000 1.000000
vn 0.000000 0.000000 1.000000
vn 0.000000 0.000000 1.000000
vn 0.000000 0.000000 1.000000
vn 0.000000 0.000000 1.000000
vn 0.000000 0.000000 1.000000
vn 0.000000 0.000000 1.000000
vn 0.000000 0.000000 1.000000
vn 0.000000 0.000000 1.000000
vn 0.000000 0.000000 1.000000
vn 0.000000 0.000000 1.000000
vn 0.000000 0.000000 1.000000
vn 0.000000 0.000000 1.000000
vn 0.000000 0.000000 1.000000
vn 0.000000 0.000000 1.000000
vn 0.000000 0.000000 1.000000
vn 0.000000 0.000000 1.000000
vn 0.000000 0.000000 1.000000
vn 0.000000 0.000000 1.000000
vn 0.000000 0.000000 1.000000
vn 0.000000 0.000000 1.000000
vn 0.000000 0.000000 1.000000
vn 0.000000 0.000000 1.000000
vn 0.000000 0.000000 1.000000
vn 0.000000 0.000000 1.000000
vn 0.000000 0.000000 1.000000
vn 0.000000 0.000000 1.000000
vn 0.000000 0.000000 1.000000
vn 0.000000 0.000000 1.000000
vn 0.000000 0.000000 1.000000
vn 0.000000 0.000000 1.000000
vn 0.000000 0.000000 1.000000
vn 0.000000 0.000000 1.000000
vn 0.000000 0.000000 1.000000
vn 0.000000 0.000000 1.000000
vn 0.000000 0.000000 1.000000
vn 0.000000 0.000000 1.000000
vn 0.000000 0.000000 1.000000
vn 0.000000 0.000000 1.000000
vn 0.000000 0.000000 1.000000
vn 0.000000 0.000000 1.000000
vn 0.000000 0.000000 1.000000
vn 0.000000 0.000000 1.000000
vn 0.000000 0.000000 1.000000
vn 0.000000 0.000000 1.000000
vn 0.000000 0.000000 1.000000
vn 0.000000 0.000000 1.000000
vn 0.000000 0.000000 1.000000
vn 0.000000 0.000000 1.000000
vn 0.000000 0.000000 1.000000
vn 0.000000 0.000000 1.000000
vn 0.000000 0.000000 1.000000
vn 0.000000 0.000000 1.000000
vn 0.000000 0.000000 1.000000
vn 0.000000 0.000000 1.000000
vn 0.000000 0.000000 1.000000
vn 0.000000 0.000000 1.000000
vn 0.000000 0.000000 1.000000
vn 0.000000 0.000000 1.000000
vn 0.000000 0.000000 1.000000
vn 0.000000 0.000000 1.000000
vn 0.000000 0.000000 1.000000
vn 0.000000 0.000000 1.000000
vn 0.000000 0.000000 1.000000
vn 0.000000 0.000000 1.000000
vn 0.000000 0.000000 1.000000
vn 0.000000 0.000000 1.000000
vn 0.000000 0.000000 1.000000
vn 0.000000 0.000000 1.000000
vn 0.000000 0.000000 1.000000
vn 0.000000 0.000000 1.000000
vn 0.000000 0.000000 1.000000
vn 0.000000 0.000000 1.000000
vn 0.000000 0.000000 1.000000
vn 0.000000 0.000000 1.000000
vn 0.000000 0.000000 1.000000
vn 0.000000 0.000000 1.000000
vn 0.000000 0.000000 1.000000
vn 0.000000 0.000000 1.000000
vn 0.000000 0.000000 1.000000
vn 0.000000 0.000000 1.000000
vn 0.000000 0.000000 1.000000
vn 0.000000 0.000000 1.000000
vn 0.000000 0.000000 1.000000
vn 0.000000 0.000000 1.000000
vn 0.000000 0.000000 1.000000
vn 0.000000 0.000000 1.000000
vn 0.000000 0.000000 1.000000
vn 0.000000 0.000000 1.000000
vn 0.000000 0.000000 1.000000
vn 0.000000 0.000000 1.000000
vn 0.000000 0.000000 1.000000
vn 0.000000 0.000000 1.000000
vn 0.000000 0.000000 1.000000
vn 0.000000 0.000000 1.000000
vn 0.000000 0.000000 1.000000
vn 0.000000 0.000000 1.000000
vn 0.000000 0.000000 1.000000
vn 0.000000 0.000000 1.000000
vn 0.000000 0.000000 1.000000
vn 0.000000 0.000000 1.000000
vn 0.000000 0.000000 1.000000
vn 0.000000 0.000000 1.000000
vn 0.000000 0.000000 1.000000
vn 0.000000 0.000000 1.000000
vn 0.000000 0.000000 1.000000
vn 0.000000 0.000000 1.000000
vn 0.000000 0.000000 1.000000
vn 0.000000 0.000000 1.000000
vn 0.000000 0.000000 1.000000
vn 0.000000 0.000000 1.000000
vn 0.000000 0.000000 1.000000
vn 0.000000 0.000000 1.000000
vn 0.000000 0.000000 1.000000
vn 0.000000 0.000000 1.000000
vn 0.000000 0.000000 1.000000
vn 0.000000 0.000000 1.000000
vn 0.000000 0.000000 1.000000
vn 0.000000 0.000000 1.000000
vn 0.000000 0.000000 1.000000
vn 0.000000 0.000000 1.000000
vn 0.000000 0.000000 1.000000
vn 0.000000 0.000000 1.000000
vn 0.000000 0.000000 1.000000
vn 0.000000 0.000000 1.000000
vn 0.000000 0.000000 1.000000
vn 0.000000 0.000000 1.000000
vn 0.000000 0.000000 1.000000
vn 0.000000 0.000000 1.000000
vn 0.000000 0.000000 1.000000
vn 0.000000 0.000000 1.000000
vn 0.000000 0.000000 1.000000
vn 0.000000 0.000000 1.000000
vn 0.000000 0.000000 1.000000
vn 0.000000 0.000000 1.000000
vn 0.000000 0.000000 1.000000
vn 0.000000 0.000000 1.000000
vn 0.000000 0.000000 1.000000
vn 0.000000 0.000000 1.000000
vn 0.000000 0.000000 1.000000
vn 0.000000 0.000000 1.000000
vn 0.000000 0.000000 1.000000
vn 0.000000 0.000000 1.000000
vn 0.000000 0.000000 1.000000
vn 0.000000 0.000000 1.000000
vn 0.000000 0.000000 1.000000
vn 0.000000 0.000000 1.000000
vn 0.000000 0.000000 1.000000
vn 0.000000 0.000000 1.000000
vn 0.000000 0.000000 1.000000
vn 0.000000 0.000000 1.000000
vn 0.000000 0.000000 1.000000
vn 0.000000 0.000000 1.000000
vn 0.000000 0.000000 1.000000
vn 0.000000 0.000000 1.000000
vn 0.000000 0.000000 1.000000
vn 0.000000 0.000000 1.000000
vn 0.000000 0.000000 1.000000
vn 0.000000 0.000000 1.000000
vn 0.000000 0.000000 1.000000
vn 0.000000 0.000000 1.000000
vn 0.000000 0.000000 1.000000
vn 0.000000 0.000000 1.000000
vn 0.000000 0.000000 1.000000
vn 0.000000 0.000000 1.000000
vn 0.000000 0.000000 1.000000
vn 0.000000 0.000000 1.000000
vn 0.000000 0.000000 1.000000
vn 0.000000 0.000000 1.000000
vn 0.000000 0.000000 1.000000
vn 0.000000 0.000000 1.000000
vn 0.000000 0.000000 1.000000
vn 0.000000 0.000000 1.000000
vn 0.000000 0.000000 1.000000
vn 0.000000 0.000000 1.000000
vn 0.000000 0.000000 1.000000
vn 0.000000 0.000000 1.000000
vn 0.000000 0.000000 1.000000
vn 0.000000 0.000000 1.000000
vn 0.000000 0.000000 1.000000
vn 0.000000 0.000000 1.000000
vn 0.000000 0.000000 1.000000
vn 0.000000 0.000000 1.000000
vn 0.000000 0.000000 1.000000
vn 0.000000 0.000000 1.000000
vn 0.000000 0.000000 1.000000
vn 0.000000 0.000000 1.000000
vn 0.000000 0.000000 1.000000
vn 0.000000 0.000000 1.000000
vn 0.000000 0.000000 1.000000
vn 0.000000 0.000000 1.000000
vn 0.000000 0.000000 1.000000
vn 0.000000 0.000000 1.000000
vn 0.000000 0.000000 1.000000
vn 0.000000 0.000000 1.000000
vn 0.000000 0.000000 1.000000
vn 0.000000 0.000000 1.000000
vn 0.000000 0.000000 1.000000
vn 0.000000 0.000000 1.000000
vn 0.000000 0.000000 1.000000
vn 0.000000 0.000000 1.000000
vn 0.000000 0.000000 1.000000
vn 0.000000 0.000000 1.000000
vn 0.000000 0.000000 1.000000
vn 0.000000 0.000000 1.000000
vn 0.000000 0.000000 1.000000
vn 0.000000 0.000000 1.000000
vn 0.000000 0.000000 1.000000
vn 0.000000 0.000000 1.000000
vn 0.000000 0.000000 1.000000
vn 0.000000 0.000000 1.000000
vn 0.000000 0.000000 1.000000
vn 0.000000 0.000000 1.000000
vn 0.000000 0.000000 1.000000
vn 0.000000 0.000000 1.000000
vn 0.000000 0.000000 1.000000
vn 0.000000 0.000000 1.000000
vn 0.000000 0.000000 1.000000
vn 0.000000 0.000000 1.000000
vn 0.000000 0.000000 1.000000
vn 0.000000 0.000000 1.000000
vn 0.000000 0.000000 1.000000
vn 0.000000 0.000000 1.000000
vn 0.000000 0.000000 1.000000
vn 0.000000 0.000000 1.000000
vn 0.000000 0.000000 1.000000
vn 0.000000 0.000000 1.000000
vn 0.000000 0.000000 1.000000
vn 0.000000 0.000000 1.000000
vn 0.000000 0.000000 1.000000
vn 0.000000 0.000000 1.000000
vn 0.000000 0.000000 1.000000
vn 0.000000 0.000000 1.000000
vn 0.000000 0.000000 1.000000
vn 0.000000 0.000000 1.000000
vn 0.000000 0.000000 1.000000
vn 0.000000 0.000000 1.000000
vn 0.000000 0.000000 1.000000
vn 0.000000 0.000000 1.000000
vn 0.000000 0.000000 1.000000
vn 0.000000 0.000000 1.000000
vn 0.000000 -0.000000 1.000000
vn 0.000000 0.000000 1.000000
vn 0.000000 0.000000 1.000000
vn 0.000000 0.000000 1.000000
vn 0.000000 0.000000 1.000000
vn 0.000000 0.000000 1.000000
vn 0.000000 0.000000 1.000000
vn 0.000000 0.000000 1.000000
vn 0.000000 0.000000 1.000000
vn 0.000000 0.000000 1.000000
vn 0.000000 -0.000000 1.000000
vn 0.000000 -0.000000 1.000000
vn 0.000000 -0.000000 1.000000
vn 0.000000 -0.000000 1.000000
vn 0.000000 -0.000000 1.000000
vn 0.000000 -0.000000 1.000000
vn 0.000000 0.000000 1.000000
vn 0.000000 0.000000 1.000000
vn 0.000000 0.000000 1.000000
vn 0.000000 0.000000 1.000000
vn 0.000000 0.000000 1.000000
vn 0.000000 0.000000 1.000000
vn 0.000000 0.000000 1.000000
vn 0.000000 0.000000 1.000000
vn 0.000000 0.000000 1.000000
vn 0.000000 0.000000 1.000000
vn 0.000000 0.000000 1.000000
vn 0.000000 -0.000000 1.000000
vn 0.000000 -0.000000 1.000000
vn 0.000000 -0.000000 1.000000
vn 0.000000 0.000000 1.000000
vn 0.000000 0.000000 1.000000
vn 0.000000 0.000000 1.000000
vn 0.000000 0.000000 1.000000
vn 0.000000 0.000000 1.000000
vn 0.000000 0.000000 1.000000
vn 0.000000 0.000000 1.000000
vn 0.000000 0.000000 1.000000
vn 0.000000 0.000000 1.000000
vn 0.000000 0.000000 1.000000
vn 0.000000 0.000000 1.000000
vn 0.000000 0.000000 1.000000
vn 0.000000 0.000000 1.000000
vn 0.000000 0.000000 1.000000
vn 0.000000 0.000000 1.000000
vn 0.000000 0.000000 1.000000
vn 0.000000 0.000000 1.000000
vn 0.000000 0.000000 1.000000
vn 0.000000 0.000000 1.000000
vn 0.000000 0.000000 1.000000
vn 0.000000 0.000000 1.000000
vn 0.000000 0.000000 1.000000
vn 0.000000 0.000000 1.000000
vn 0.000000 0.000000 1.000000
vn 0.000000 0.000000 -1.000000
vn 0.000000 -0.000000 -1.000000
vn 0.000000 0.000000 -1.000000
vn 0.000000 0.000000 -1.000000
vn 0.000000 0.000000 -1.000000
vn 0.000000 -0.000000 -1.000000
vn 0.000000 0.000000 -1.000000
vn 0.000000 0.000000 -1.000000
vn 0.000000 0.000000 -1.000000
vn 0.000000 -0.000000 -1.000000
vn 0.000000 0.000000 -1.000000
vn 0.000000 0.000000 -1.000000
vn 0.000000 0.000000 -1.000000
vn 0.000000 -0.000000 -1.000000
vn 0.000000 -0.000000 -1.000000
vn 0.000000 0.000000 -1.000000
vn 0.000000 0.000000 -1.000000
vn 0.000000 0.000000 -1.000000
vn 0.000000 0.000000 -1.000000
vn 0.000000 -0.000000 -1.000000
vn 0.000000 0.000000 -1.000000
vn 0.000000 0.000000 -1.000000
vn 0.000000 0.000000 -1.000000
vn 0.000000 -0.000000 -1.000000
vn 0.000000 0.000000 -1.000000
vn 0.000000 -0.000000 -1.000000
vn 0.000000 0.000000 -1.000000
vn 0.000000 0.000000 -1.000000
vn 0.000000 0.000000 -1.000000
vn 0.000000 -0.000000 -1.000000
vn 0.000000 0.000000 -1.000000
vn 0.000000 0.000000 -1.000000
vn 0.000000 0.000000 -1.000000
vn 0.000000 -0.000000 -1.000000
vn 0.000000 0.000000 -1.000000
vn 0.000000 0.000000 -1.000000
vn 0.000000 0.000000 -1.000000
vn 0.000000 -0.000000 -1.000000
vn 0.000000 0.000000 -1.000000
vn 0.000000 0.000000 -1.000000
vn 0.000000 0.000000 -1.000000
vn 0.000000 0.000000 -1.000000
vn 0.000000 -0.000000 -1.000000
vn 0.000000 0.000000 -1.000000
vn 0.000000 0.000000 -1.000000
vn 0.000000 0.000000 -1.000000
vn 0.000000 0.000000 -1.000000
vn 0.000000 -0.000000 -1.000000
vn 0.000000 0.000000 -1.000000
vn 0.000000 0.000000 -1.000000
vn 0.000000 -0.000000 -1.000000
vn 0.000000 0.000000 -1.000000
vn -0.111020 -0.993818 0.000000
vn -0.111020 -0.993818 0.000000
vn 0.962318 -0.271927 0.000000
vn 0.962318 -0.271927 0.000000
vn 0.881350 -0.472463 0.000000
vn 0.881350 -0.472463 0.000000
vn 0.759163 -0.650900 0.000000
vn 0.601465 -0.798899 0.000000
vn 0.759163 -0.650900 0.000000
vn 0.601465 -0.798899 0.000000
vn 0.415641 -0.909529 0.000000
vn 0.415641 -0.909529 0.000000
vn 0.210371 -0.977622 0.000000
vn -0.004735 -0.999989 -0.000000
vn 0.210371 -0.977622 0.000000
vn -0.004735 -0.999989 0.000000
vn 0.116642 -0.993174 0.000000
vn 0.116642 -0.993174 0.000000
vn 0.976589 -0.215116 0.000000
vn 0.976589 -0.215116 0.000000
vn 0.980786 -0.195089 0.000000
vn 0.980786 -0.195089 0.000000
vn 0.984571 -0.174985 0.000000
vn 0.984571 -0.174985 0.000000
vn 0.233683 -0.966303 0.107938
vn 0.450736 -0.892657 0.000000
vn 0.459910 -0.887960 0.003058
vn 0.302772 -0.953063 0.000000
vn 0.293253 -0.956032 -0.002116
vn 0.399887 -0.916564 0.001029
vn 0.479784 -0.877332 -0.009743
vn 0.320167 -0.947357 -0.002734
vn 0.378304 0.925682 -0.000000
vn 0.378304 0.925682 0.000000
vn 0.568479 0.822698 0.000000
vn 0.568479 0.822698 -0.000000
vn 0.732062 0.681238 0.000000
vn 0.861406 0.507917 0.000000
vn 0.732062 0.681238 -0.000000
vn 0.861406 0.507917 0.000000
vn 0.950465 0.310833 0.000000
vn 0.950465 0.310833 -0.000000
vn 0.995066 0.099219 0.000000
vn 0.995066 0.099219 -0.000000
vn 0.993128 -0.117034 0.000000
vn 0.993128 -0.117034 0.000000
vn 0.999697 -0.024615 0.000000
vn 0.999697 -0.024615 0.000000
vn 1.000000 -0.000000 0.000000
vn 1.000000 0.000000 0.000000
vn 0.999697 0.024615 0.000000
vn 0.999697 0.024615 -0.000000
vn 0.277749 0.960654 -0.000000
vn 0.277749 0.960654 0.000000
vn 0.233683 0.966303 0.107938
vn 0.450736 0.892657 -0.000000
vn 0.457918 0.888991 -0.002393
vn 0.350040 0.936734 0.000992
vn 0.265146 0.964172 -0.008323
vn 0.302772 0.953063 0.000000
vn 0.459910 0.887960 0.003058
vn 0.320167 0.947357 -0.002734
vn 0.487834 0.872936 -0.000000
vn 0.487834 0.872936 0.000000
vn 0.116642 0.993174 -0.000000
vn 0.116642 0.993174 0.000000
vn 0.585682 0.803322 0.107939
vn 0.758031 0.652219 -0.000000
vn 0.763263 0.646083 -0.002393
vn 0.681867 0.731475 0.000992
vn 0.613936 0.789312 -0.008323
vn 0.644446 0.764649 0.000000
vn 0.764709 0.644369 0.003058
vn 0.658334 0.752721 -0.002734
vn -0.111020 0.993818 0.000000
vn -0.111020 0.993818 0.000000
vn 0.914178 -0.405313 0.000000
vn 0.914178 -0.405313 0.000000
vn 0.923880 -0.382683 0.000000
vn 0.923880 -0.382683 0.000000
vn 0.933020 -0.359824 0.000000
vn 0.933020 -0.359824 0.000000
vn -0.004735 0.999989 0.000000
vn -0.004735 0.999989 0.000000
vn 0.210371 0.977622 0.000000
vn 0.210371 0.977622 -0.000000
vn 0.415641 0.909529 0.000000
vn 0.415641 0.909529 -0.000000
vn 0.601465 0.798899 0.000000
vn 0.601465 0.798899 -0.000000
vn 0.759163 0.650900 0.000000
vn 0.759163 0.650900 -0.000000
vn 0.881350 0.472463 0.000000
vn 0.881350 0.472463 -0.000000
vn 0.962318 0.271927 0.000000
vn 0.962318 0.271927 -0.000000
vn -0.153893 -0.982174 0.107937
vn 0.074820 -0.997197 0.000000
vn 0.085093 -0.996368 0.003058
vn -0.084996 -0.996381 0.000000
vn -0.094927 -0.995482 -0.002116
vn 0.018693 -0.999825 0.001028
vn 0.107523 -0.994155 -0.009743
vn -0.066742 -0.997767 -0.002734
vn 0.984571 0.174985 -0.000000
vn 0.984571 0.174985 0.000000
vn 0.980786 0.195089 0.000000
vn 0.980786 0.195089 -0.000000
vn 0.976589 0.215116 0.000000
vn 0.976589 0.215116 -0.000000
vn -0.272308 -0.962210 0.000000
vn -0.272308 -0.962210 0.000000
vn 0.993128 0.117034 -0.000000
vn 0.993128 0.117034 0.000000
vn 0.995066 -0.099219 0.000000
vn 0.995066 -0.099219 0.000000
vn 0.950465 -0.310833 0.000000
vn 0.950465 -0.310833 0.000000
vn 0.861406 -0.507917 0.000000
vn 0.861406 -0.507917 0.000000
vn 0.732062 -0.681238 0.000000
vn 0.732062 -0.681238 0.000000
vn 0.568479 -0.822698 0.000000
vn 0.568479 -0.822698 0.000000
vn 0.378304 -0.925682 0.000000
vn 0.378304 -0.925682 0.000000
vn -0.482886 -0.875683 0.000000
vn -0.482886 -0.875683 0.000000
vn 0.277749 -0.960654 0.000000
vn 0.277749 -0.960654 0.000000
vn 0.785006 -0.619489 0.000000
vn 0.785006 -0.619489 0.000000
vn 0.633459 -0.773776 0.000000
vn 0.452284 -0.891874 0.000000
vn 0.633459 -0.773776 0.000000
vn 0.452284 -0.891874 0.000000
vn 0.249958 -0.968257 0.000000
vn 0.249958 -0.968257 0.000000
vn 0.035936 -0.999354 0.000000
vn -0.179761 -0.983710 -0.000000
vn 0.035936 -0.999354 0.000000
vn -0.179761 -0.983710 0.000000
vn -0.387054 -0.922057 0.000000
vn -0.387054 -0.922057 0.000000
vn 0.487834 -0.872936 0.000000
vn 0.487834 -0.872936 0.000000
vn 0.819931 -0.572462 0.000000
vn 0.819931 -0.572462 0.000000
vn 0.831469 -0.555572 0.000000
vn 0.831469 -0.555572 0.000000
vn 0.842662 -0.538442 0.000000
vn 0.842662 -0.538442 0.000000
vn 0.585682 -0.803322 0.107939
vn 0.758031 -0.652219 0.000000
vn 0.764709 -0.644369 0.003058
vn 0.644446 -0.764649 0.000000
vn 0.636788 -0.771036 -0.002116
vn 0.720201 -0.693765 0.001029
vn 0.779004 -0.626944 -0.009743
vn 0.658334 -0.752721 -0.002734
vn 0.703750 0.710447 -0.000000
vn 0.703750 0.710447 0.000000
vn 0.840040 0.542525 0.000000
vn 0.840040 0.542525 -0.000000
vn 0.937034 0.349237 0.000000
vn 0.937034 0.349237 -0.000000
vn 0.990207 0.139606 0.000000
vn 0.990207 0.139606 -0.000000
vn 0.997065 -0.076553 0.000000
vn 0.997065 -0.076553 0.000000
vn 0.957290 -0.289130 0.000000
vn 0.957290 -0.289130 0.000000
vn 0.872741 -0.488184 0.000000
vn 0.872741 -0.488184 0.000000
vn 0.933020 0.359824 -0.000000
vn 0.933020 0.359824 0.000000
vn 0.923880 0.382683 0.000000
vn 0.914178 0.405313 0.000000
vn 0.923880 0.382683 -0.000000
vn 0.914178 0.405313 0.000000
vn 0.624233 0.781238 -0.000000
vn 0.624233 0.781238 0.000000
vn -0.153893 0.982174 0.107937
vn 0.074820 0.997197 -0.000000
vn 0.082860 0.996558 -0.002393
vn -0.035078 0.999384 0.000992
vn -0.124010 0.992246 -0.008323
vn -0.084996 0.996381 0.000000
vn 0.085093 0.996368 0.003058
vn -0.066742 0.997767 -0.002734
vn 0.784758 0.619802 -0.000000
vn 0.784758 0.619802 0.000000
vn -0.272308 0.962210 0.000000
vn -0.272308 0.962210 0.000000
vn 0.848519 0.518040 0.107937
vn 0.949922 0.312486 -0.000000
vn 0.952409 0.304814 -0.002393
vn 0.909886 0.414857 0.000992
vn 0.869260 0.494285 -0.008323
vn 0.888010 0.459824 0.000000
vn 0.953088 0.302678 0.003058
vn 0.896275 0.443490 -0.002734
vn -0.482886 0.875683 0.000000
vn -0.482886 0.875683 0.000000
vn 0.689484 -0.724301 0.000000
vn 0.689484 -0.724301 0.000000
vn 0.707107 -0.707107 0.000000
vn 0.707107 -0.707107 0.000000
vn 0.724301 -0.689484 0.000000
vn 0.724301 -0.689484 0.000000
vn -0.387054 0.922057 0.000000
vn -0.387054 0.922057 0.000000
vn -0.179761 0.983710 0.000000
vn -0.179761 0.983710 0.000000
vn 0.035936 0.999354 0.000000
vn 0.035936 0.999354 -0.000000
vn 0.249958 0.968257 0.000000
vn 0.249958 0.968257 -0.000000
vn 0.452284 0.891874 0.000000
vn 0.452284 0.891874 -0.000000
vn 0.633459 0.773776 0.000000
vn 0.633459 0.773776 -0.000000
vn 0.785006 0.619489 0.000000
vn 0.785006 0.619489 -0.000000
vn -0.518040 -0.848519 0.107937
vn -0.312486 -0.949922 -0.000000
vn -0.302678 -0.953088 0.003058
vn -0.459824 -0.888010 0.000000
vn -0.468655 -0.883379 -0.002116
vn -0.365347 -0.930871 0.001028
vn -0.281108 -0.959627 -0.009743
vn -0.443490 -0.896275 -0.002734
vn 0.842662 0.538442 -0.000000
vn 0.842662 0.538442 0.000000
vn 0.831469 0.555572 0.000000
vn 0.831469 0.555572 -0.000000
vn 0.819931 0.572462 0.000000
vn 0.819931 0.572462 -0.000000
vn -0.619802 -0.784758 0.000000
vn -0.619802 -0.784758 0.000000
vn 0.872741 0.488184 -0.000000
vn 0.872741 0.488184 0.000000
vn 0.957290 0.289130 0.000000
vn 0.997065 0.076553 0.000000
vn 0.957290 0.289130 -0.000000
vn 0.997065 0.076553 0.000000
vn 0.990207 -0.139606 0.000000
vn 0.990207 -0.139606 0.000000
vn 0.937034 -0.349237 0.000000
vn 0.937034 -0.349237 0.000000
vn 0.840040 -0.542525 0.000000
vn 0.840040 -0.542525 0.000000
vn 0.703750 -0.710447 0.000000
vn 0.703750 -0.710447 0.000000
vn -0.781238 -0.624233 0.000000
vn -0.781238 -0.624233 0.000000
vn 0.624233 -0.781238 0.000000
vn 0.624233 -0.781238 0.000000
vn 0.488184 -0.872741 0.000000
vn 0.488184 -0.872741 0.000000
vn 0.289130 -0.957290 0.000000
vn 0.289130 -0.957290 0.000000
vn 0.076553 -0.997065 0.000000
vn -0.139606 -0.990207 -0.000000
vn 0.076553 -0.997065 0.000000
vn -0.139606 -0.990207 0.000000
vn -0.349237 -0.937034 0.000000
vn -0.349237 -0.937034 0.000000
vn -0.542525 -0.840040 0.000000
vn -0.542525 -0.840040 0.000000
vn -0.710447 -0.703750 0.000000
vn -0.710447 -0.703750 0.000000
vn 0.784758 -0.619802 0.000000
vn 0.784758 -0.619802 0.000000
vn 0.538442 -0.842662 0.000000
vn 0.538442 -0.842662 0.000000
vn 0.555572 -0.831469 0.000000
vn 0.555572 -0.831469 0.000000
vn 0.572462 -0.819931 0.000000
vn 0.572462 -0.819931 0.000000
vn 0.848519 -0.518040 0.107937
vn 0.949922 -0.312486 0.000000
vn 0.953088 -0.302678 0.003058
vn 0.888010 -0.459824 0.000000
vn 0.883379 -0.468655 -0.002116
vn 0.930871 -0.365347 0.001028
vn 0.959627 -0.281108 -0.009743
vn 0.896275 -0.443490 -0.002734
vn 0.922057 0.387054 -0.000000
vn 0.922057 0.387054 0.000000
vn 0.983710 0.179761 0.000000
vn 0.983710 0.179761 -0.000000
vn 0.999354 -0.035936 0.000000
vn 0.968257 -0.249958 0.000000
vn 0.999354 -0.035936 0.000000
vn 0.968257 -0.249958 0.000000
vn 0.891874 -0.452284 0.000000
vn 0.891874 -0.452284 0.000000
vn 0.773776 -0.633459 0.000000
vn 0.773776 -0.633459 0.000000
vn 0.619489 -0.785006 0.000000
vn 0.619489 -0.785006 0.000000
vn 0.724301 0.689484 -0.000000
vn 0.724301 0.689484 0.000000
vn 0.707107 0.707107 0.000000
vn 0.707107 0.707107 -0.000000
vn 0.689484 0.724301 0.000000
vn 0.689484 0.724301 -0.000000
vn 0.875683 0.482886 -0.000000
vn 0.875683 0.482886 0.000000
vn -0.518040 0.848519 0.107937
vn -0.312486 0.949922 0.000000
vn -0.304814 0.952409 -0.002393
vn -0.414857 0.909886 0.000992
vn -0.494285 0.869260 -0.008323
vn -0.459824 0.888010 0.000000
vn -0.302678 0.953088 0.003058
vn -0.443490 0.896275 -0.002734
vn 0.962210 0.272308 -0.000000
vn 0.962210 0.272308 0.000000
vn -0.619802 0.784758 0.000000
vn -0.619802 0.784758 0.000000
vn 0.982174 0.153893 0.107937
vn 0.997197 -0.074820 0.000000
vn 0.996558 -0.082860 -0.002393
vn 0.999384 0.035078 0.000992
vn 0.992246 0.124010 -0.008323
vn 0.996381 0.084996 0.000000
vn 0.996368 -0.085093 0.003058
vn 0.997767 0.066742 -0.002734
vn -0.781238 0.624233 0.000000
vn -0.781238 0.624233 0.000000
vn 0.359824 -0.933020 0.000000
vn 0.359824 -0.933020 0.000000
vn 0.382683 -0.923880 0.000000
vn 0.382683 -0.923880 0.000000
vn 0.405313 -0.914178 0.000000
vn 0.405313 -0.914178 0.000000
vn -0.710447 0.703750 0.000000
vn -0.710447 0.703750 0.000000
vn -0.542525 0.840040 0.000000
vn -0.349237 0.937034 0.000000
vn -0.542525 0.840040 0.000000
vn -0.349237 0.937034 0.000000
vn -0.139606 0.990207 0.000000
vn -0.139606 0.990207 0.000000
vn 0.076553 0.997065 0.000000
vn 0.289130 0.957290 0.000000
vn 0.076553 0.997065 -0.000000
vn 0.289130 0.957290 0.000000
vn 0.488184 0.872741 0.000000
vn 0.488184 0.872741 -0.000000
vn -0.803322 -0.585682 0.107939
vn -0.652219 -0.758031 -0.000000
vn -0.644369 -0.764709 0.003058
vn -0.764649 -0.644446 0.000000
vn -0.771036 -0.636788 -0.002116
vn -0.693765 -0.720201 0.001029
vn -0.626944 -0.779004 -0.009743
vn -0.752721 -0.658334 -0.002734
vn 0.572462 0.819931 -0.000000
vn 0.572462 0.819931 0.000000
vn 0.555572 0.831469 0.000000
vn 0.555572 0.831469 -0.000000
vn 0.538442 0.842662 0.000000
vn 0.538442 0.842662 -0.000000
vn -0.872936 -0.487834 0.000000
vn -0.872936 -0.487834 0.000000
vn 0.619489 0.785006 -0.000000
vn 0.619489 0.785006 0.000000
vn 0.773776 0.633459 0.000000
vn 0.773776 0.633459 -0.000000
vn 0.891874 0.452284 0.000000
vn 0.968257 0.249958 0.000000
vn 0.891874 0.452284 -0.000000
vn 0.968257 0.249958 0.000000
vn 0.999354 0.035936 0.000000
vn 0.999354 0.035936 -0.000000
vn 0.983710 -0.179761 0.000000
vn 0.922057 -0.387054 0.000000
vn 0.983710 -0.179761 0.000000
vn 0.922057 -0.387054 0.000000
vn -0.960654 -0.277749 0.000000
vn -0.960654 -0.277749 0.000000
vn 0.875683 -0.482886 0.000000
vn 0.875683 -0.482886 0.000000
vn 0.117034 -0.993128 0.000000
vn 0.117034 -0.993128 0.000000
vn -0.099219 -0.995066 0.000000
vn -0.099219 -0.995066 0.000000
vn -0.310833 -0.950465 0.000000
vn -0.310833 -0.950465 0.000000
vn -0.507917 -0.861406 0.000000
vn -0.681238 -0.732062 -0.000000
vn -0.507917 -0.861406 0.000000
vn -0.681238 -0.732062 0.000000
vn -0.822698 -0.568479 0.000000
vn -0.822698 -0.568479 0.000000
vn -0.925682 -0.378304 0.000000
vn -0.925682 -0.378304 0.000000
vn 0.962210 -0.272308 0.000000
vn 0.962210 -0.272308 0.000000
vn 0.174985 -0.984571 0.000000
vn 0.174985 -0.984571 0.000000
vn 0.195089 -0.980786 0.000000
vn 0.195089 -0.980786 0.000000
vn 0.215116 -0.976589 0.000000
vn 0.215116 -0.976589 0.000000
vn 0.982174 -0.153893 0.107937
vn 0.997197 0.074820 0.000000
vn 0.996368 0.085093 0.003058
vn 0.996381 -0.084996 0.000000
vn 0.995482 -0.094927 -0.002116
vn 0.999825 0.018693 0.001028
vn 0.994155 0.107523 -0.009743
vn 0.997767 -0.066742 -0.002734
vn 0.999989 0.004735 -0.000000
vn 0.999989 0.004735 0.000000
vn 0.977622 -0.210371 0.000000
vn 0.977622 -0.210371 0.000000
vn 0.909529 -0.415641 0.000000
vn 0.909529 -0.415641 0.000000
vn 0.798899 -0.601465 0.000000
vn 0.798899 -0.601465 0.000000
vn 0.650900 -0.759163 0.000000
vn 0.650900 -0.759163 0.000000
vn 0.472463 -0.881350 0.000000
vn 0.472463 -0.881350 0.000000
vn 0.271927 -0.962318 0.000000
vn 0.271927 -0.962318 0.000000
vn 0.405313 0.914178 -0.000000
vn 0.405313 0.914178 0.000000
vn 0.382683 0.923880 0.000000
vn 0.382683 0.923880 -0.000000
vn 0.359824 0.933020 0.000000
vn 0.359824 0.933020 -0.000000
vn 0.993818 0.111020 -0.000000
vn 0.993818 0.111020 0.000000
vn -0.803322 0.585682 0.107939
vn -0.652219 0.758031 0.000000
vn -0.646083 0.763263 -0.002393
vn -0.731475 0.681867 0.000992
vn -0.789312 0.613936 -0.008323
vn -0.764649 0.644446 0.000000
vn -0.644369 0.764709 0.003058
vn -0.752721 0.658334 -0.002734
vn 0.993174 -0.116642 0.000000
vn 0.993174 -0.116642 0.000000
vn -0.872936 0.487834 0.000000
vn -0.872936 0.487834 0.000000
vn 0.966303 -0.233683 0.107938
vn 0.892657 -0.450736 0.000000
vn 0.888991 -0.457918 -0.002393
vn 0.936734 -0.350040 0.000992
vn 0.964172 -0.265146 -0.008323
vn 0.953063 -0.302772 0.000000
vn 0.887960 -0.459910 0.003058
vn 0.947357 -0.320167 -0.002734
vn -0.960654 0.277749 0.000000
vn -0.960654 0.277749 0.000000
vn -0.024615 -0.999697 0.000000
vn -0.024615 -0.999697 0.000000
vn 0.000000 -1.000000 0.000000
vn 0.000000 -1.000000 0.000000
vn 0.024615 -0.999697 0.000000
vn 0.024615 -0.999697 0.000000
vn -0.925682 0.378304 0.000000
vn -0.925682 0.378304 0.000000
vn -0.822698 0.568479 0.000000
vn -0.822698 0.568479 0.000000
vn -0.681238 0.732062 0.000000
vn -0.681238 0.732062 0.000000
vn -0.507917 0.861406 0.000000
vn -0.310833 0.950465 0.000000
vn -0.507917 0.861406 0.000000
vn -0.310833 0.950465 0.000000
vn -0.099219 0.995066 0.000000
vn -0.099219 0.995066 0.000000
vn 0.117034 0.993128 0.000000
vn 0.117034 0.993128 -0.000000
vn -0.966303 -0.233683 0.107938
vn -0.892657 -0.450736 -0.000000
vn -0.887960 -0.459910 0.003058
vn -0.953063 -0.302772 0.000000
vn -0.956032 -0.293253 -0.002116
vn -0.916564 -0.399887 0.001029
vn -0.877332 -0.479784 -0.009743
vn -0.947357 -0.320167 -0.002734
vn 0.215116 0.976589 -0.000000
vn 0.215116 0.976589 0.000000
vn 0.195089 0.980786 0.000000
vn 0.195089 0.980786 -0.000000
vn 0.174985 0.984571 0.000000
vn 0.174985 0.984571 -0.000000
vn -0.993174 -0.116642 0.000000
vn -0.993174 -0.116642 0.000000
vn 0.271927 0.962318 -0.000000
vn 0.271927 0.962318 0.000000
vn 0.472463 0.881350 0.000000
vn 0.472463 0.881350 -0.000000
vn 0.650900 0.759163 0.000000
vn 0.650900 0.759163 -0.000000
vn 0.798899 0.601465 0.000000
vn 0.798899 0.601465 -0.000000
vn 0.909529 0.415641 0.000000
vn 0.977622 0.210371 0.000000
vn 0.909529 0.415641 -0.000000
vn 0.977622 0.210371 0.000000
vn 0.999989 -0.004735 0.000000
vn 0.999989 -0.004735 0.000000
vn -0.993818 0.111020 0.000000
vn -0.993818 0.111020 0.000000
vn 0.993818 -0.111020 0.000000
vn 0.993818 -0.111020 0.000000
vn -0.271927 -0.962318 0.000000
vn -0.271927 -0.962318 0.000000
vn -0.472463 -0.881350 0.000000
vn -0.472463 -0.881350 0.000000
vn -0.650900 -0.759163 0.000000
vn -0.798899 -0.601465 -0.000000
vn -0.650900 -0.759163 0.000000
vn -0.798899 -0.601465 0.000000
vn -0.909529 -0.415641 0.000000
vn -0.909529 -0.415641 0.000000
vn -0.977622 -0.210371 0.000000
vn -0.999989 0.004735 0.000000
vn -0.977622 -0.210371 0.000000
vn -0.999989 0.004735 0.000000
vn 0.993174 0.116642 -0.000000
vn 0.993174 0.116642 0.000000
vn -0.215116 -0.976589 0.000000
vn -0.215116 -0.976589 0.000000
vn -0.195089 -0.980786 0.000000
vn -0.195089 -0.980786 0.000000
vn -0.174985 -0.984571 0.000000
vn -0.174985 -0.984571 0.000000
vn 0.966303 0.233683 0.107938
vn 0.892657 0.450736 0.000000
vn 0.887960 0.459910 0.003058
vn 0.953063 0.302772 -0.000000
vn 0.956032 0.293253 -0.002116
vn 0.916564 0.399887 0.001029
vn 0.877332 0.479784 -0.009743
vn 0.947357 0.320167 -0.002734
vn 0.925682 -0.378304 0.000000
vn 0.925682 -0.378304 0.000000
vn 0.822698 -0.568479 0.000000
vn 0.822698 -0.568479 0.000000
vn 0.681238 -0.732062 0.000000
vn 0.681238 -0.732062 0.000000
vn 0.507917 -0.861406 0.000000
vn 0.507917 -0.861406 0.000000
vn 0.310833 -0.950465 0.000000
vn 0.310833 -0.950465 0.000000
vn 0.099219 -0.995066 0.000000
vn 0.099219 -0.995066 0.000000
vn -0.117034 -0.993128 0.000000
vn -0.117034 -0.993128 0.000000
vn 0.024615 0.999697 -0.000000
vn 0.024615 0.999697 0.000000
vn 0.000000 1.000000 0.000000
vn 0.000000 1.000000 -0.000000
vn -0.024615 0.999697 0.000000
vn -0.024615 0.999697 0.000000
vn 0.960654 -0.277749 0.000000
vn 0.960654 -0.277749 0.000000
vn -0.966303 0.233683 0.107938
vn -0.892657 0.450736 0.000000
vn -0.888991 0.457918 -0.002393
vn -0.936734 0.350040 0.000992
vn -0.964172 0.265146 -0.008323
vn -0.953063 0.302772 0.000000
vn -0.887960 0.459910 0.003058
vn -0.947357 0.320167 -0.002734
vn 0.872936 -0.487834 0.000000
vn 0.872936 -0.487834 0.000000
vn -0.993174 0.116642 0.000000
vn -0.993174 0.116642 0.000000
vn 0.803322 -0.585682 0.107939
vn 0.652219 -0.758031 0.000000
vn 0.646083 -0.763263 -0.002393
vn 0.731475 -0.681867 0.000992
vn 0.789312 -0.613936 -0.008323
vn 0.764649 -0.644446 0.000000
vn 0.644369 -0.764709 0.003058
vn 0.752721 -0.658334 -0.002734
vn -0.993818 -0.111020 0.000000
vn -0.993818 -0.111020 0.000000
vn -0.405313 -0.914178 0.000000
vn -0.405313 -0.914178 0.000000
vn -0.382683 -0.923880 0.000000
vn -0.382683 -0.923880 0.000000
vn -0.359824 -0.933020 0.000000
vn -0.359824 -0.933020 0.000000
vn -0.999989 -0.004735 0.000000
vn -0.999989 -0.004735 0.000000
vn -0.977622 0.210371 0.000000
vn -0.977622 0.210371 0.000000
vn -0.909529 0.415641 0.000000
vn -0.909529 0.415641 0.000000
vn -0.798899 0.601465 0.000000
vn -0.798899 0.601465 0.000000
vn -0.650900 0.759163 0.000000
vn -0.650900 0.759163 0.000000
vn -0.472463 0.881350 0.000000
vn -0.472463 0.881350 0.000000
vn -0.271927 0.962318 0.000000
vn -0.271927 0.962318 0.000000
vn -0.982174 0.153893 0.107937
vn -0.997197 -0.074820 -0.000000
vn -0.996368 -0.085093 0.003058
vn -0.996381 0.084996 0.000000
vn -0.995482 0.094927 -0.002116
vn -0.999825 -0.018693 0.001028
vn -0.994155 -0.107523 -0.009743
vn -0.997767 0.066742 -0.002734
vn -0.174985 0.984571 0.000000
vn -0.174985 0.984571 0.000000
vn -0.195089 0.980786 0.000000
vn -0.195089 0.980786 0.000000
vn -0.215116 0.976589 0.000000
vn -0.215116 0.976589 0.000000
vn -0.962210 0.272308 0.000000
vn -0.962210 0.272308 0.000000
vn -0.117034 0.993128 0.000000
vn -0.117034 0.993128 0.000000
vn 0.099219 0.995066 0.000000
vn 0.099219 0.995066 -0.000000
vn 0.310833 0.950465 0.000000
vn 0.310833 0.950465 -0.000000
vn 0.507917 0.861406 0.000000
vn 0.507917 0.861406 -0.000000
vn 0.681238 0.732062 0.000000
vn 0.681238 0.732062 -0.000000
vn 0.822698 0.568479 0.000000
vn 0.822698 0.568479 -0.000000
vn 0.925682 0.378304 0.000000
vn 0.925682 0.378304 -0.000000
vn -0.875683 0.482886 0.000000
vn -0.875683 0.482886 0.000000
vn 0.960654 0.277749 -0.000000
vn 0.960654 0.277749 0.000000
vn -0.619489 -0.785006 0.000000
vn -0.619489 -0.785006 0.000000
vn -0.773776 -0.633459 0.000000
vn -0.891874 -0.452284 -0.000000
vn -0.773776 -0.633459 0.000000
vn -0.891874 -0.452284 0.000000
vn -0.968257 -0.249958 0.000000
vn -0.968257 -0.249958 0.000000
vn -0.999354 -0.035936 0.000000
vn -0.983710 0.179761 0.000000
vn -0.999354 -0.035936 0.000000
vn -0.983710 0.179761 0.000000
vn -0.922057 0.387054 0.000000
vn -0.922057 0.387054 0.000000
vn 0.872936 0.487834 -0.000000
vn 0.872936 0.487834 0.000000
vn -0.572462 -0.819931 0.000000
vn -0.572462 -0.819931 0.000000
vn -0.555572 -0.831469 0.000000
vn -0.555572 -0.831469 0.000000
vn -0.538442 -0.842662 0.000000
vn -0.538442 -0.842662 0.000000
vn 0.803322 0.585682 0.107939
vn 0.652219 0.758031 0.000000
vn 0.644369 0.764709 0.003058
vn 0.764649 0.644446 -0.000000
vn 0.771036 0.636788 -0.002116
vn 0.693765 0.720201 0.001029
vn 0.626944 0.779004 -0.009743
vn 0.752721 0.658334 -0.002734
vn 0.710447 -0.703750 0.000000
vn 0.710447 -0.703750 0.000000
vn 0.542525 -0.840040 0.000000
vn 0.542525 -0.840040 0.000000
vn 0.349237 -0.937034 0.000000
vn 0.349237 -0.937034 0.000000
vn 0.139606 -0.990207 0.000000
vn -0.076553 -0.997065 -0.000000
vn 0.139606 -0.990207 0.000000
vn -0.076553 -0.997065 0.000000
vn -0.289130 -0.957290 0.000000
vn -0.289130 -0.957290 0.000000
vn -0.488184 -0.872741 0.000000
vn -0.488184 -0.872741 0.000000
vn -0.359824 0.933020 0.000000
vn -0.359824 0.933020 0.000000
vn -0.382683 0.923880 0.000000
vn -0.382683 0.923880 0.000000
vn -0.405313 0.914178 0.000000
vn -0.405313 0.914178 0.000000
vn 0.781238 -0.624233 0.000000
vn 0.781238 -0.624233 0.000000
vn -0.982174 -0.153893 0.107937
vn -0.997197 0.074820 0.000000
vn -0.996558 0.082860 -0.002393
vn -0.999384 -0.035078 0.000992
vn -0.992246 -0.124010 -0.008323
vn -0.996381 -0.084996 -0.000000
vn -0.996368 0.085093 0.003058
vn -0.997767 -0.066742 -0.002734
vn 0.619802 -0.784758 0.000000
vn 0.619802 -0.784758 0.000000
vn -0.962210 -0.272308 0.000000
vn -0.962210 -0.272308 0.000000
vn 0.518040 -0.848519 0.107937
vn 0.312486 -0.949922 0.000000
vn 0.304814 -0.952409 -0.002393
vn 0.414857 -0.909886 0.000992
vn 0.494285 -0.869260 -0.008323
vn 0.459824 -0.888010 0.000000
vn 0.302678 -0.953088 0.003058
vn 0.443490 -0.896275 -0.002734
vn -0.875683 -0.482886 0.000000
vn -0.875683 -0.482886 0.000000
vn -0.724301 -0.689484 0.000000
vn -0.724301 -0.689484 0.000000
vn -0.707107 -0.707107 0.000000
vn -0.707107 -0.707107 0.000000
vn -0.689484 -0.724301 0.000000
vn -0.689484 -0.724301 0.000000
vn -0.922057 -0.387054 0.000000
vn -0.922057 -0.387054 0.000000
vn -0.983710 -0.179761 0.000000
vn -0.999354 0.035936 0.000000
vn -0.983710 -0.179761 0.000000
vn -0.999354 0.035936 0.000000
vn -0.968257 0.249958 0.000000
vn -0.968257 0.249958 0.000000
vn -0.891874 0.452284 0.000000
vn -0.773776 0.633459 0.000000
vn -0.891874 0.452284 0.000000
vn -0.773776 0.633459 0.000000
vn -0.619489 0.785006 0.000000
vn -0.619489 0.785006 0.000000
vn -0.848519 0.518040 0.107937
vn -0.949922 0.312486 0.000000
vn -0.953088 0.302678 0.003058
vn -0.888010 0.459824 0.000000
vn -0.883379 0.468655 -0.002116
vn -0.930871 0.365347 0.001028
vn -0.959627 0.281108 -0.009743
vn -0.896275 0.443490 -0.002734
vn -0.538442 0.842662 0.000000
vn -0.538442 0.842662 0.000000
vn -0.555572 0.831469 0.000000
vn -0.572462 0.819931 0.000000
vn -0.555572 0.831469 0.000000
vn -0.572462 0.819931 0.000000
vn -0.784758 0.619802 0.000000
vn -0.784758 0.619802 0.000000
vn -0.488184 0.872741 0.000000
vn -0.488184 0.872741 0.000000
vn -0.289130 0.957290 0.000000
vn -0.076553 0.997065 0.000000
vn -0.289130 0.957290 0.000000
vn -0.076553 0.997065 0.000000
vn 0.139606 0.990207 0.000000
vn 0.139606 0.990207 -0.000000
vn 0.349237 0.937034 0.000000
vn 0.542525 0.840040 0.000000
vn 0.349237 0.937034 -0.000000
vn 0.542525 0.840040 0.000000
vn 0.710447 0.703750 0.000000
vn 0.710447 0.703750 -0.000000
vn -0.624233 0.781238 0.000000
vn -0.624233 0.781238 0.000000
vn 0.781238 0.624233 -0.000000
vn 0.781238 0.624233 0.000000
vn -0.872741 -0.488184 0.000000
vn -0.872741 -0.488184 0.000000
vn -0.957290 -0.289130 0.000000
vn -0.997065 -0.076553 -0.000000
vn -0.957290 -0.289130 0.000000
vn -0.997065 -0.076553 0.000000
vn -0.990207 0.139606 0.000000
vn -0.990207 0.139606 0.000000
vn -0.937034 0.349237 0.000000
vn -0.937034 0.349237 0.000000
vn -0.840040 0.542525 0.000000
vn -0.840040 0.542525 0.000000
vn -0.703750 0.710447 0.000000
vn -0.703750 0.710447 0.000000
vn 0.619802 0.784758 -0.000000
vn 0.619802 0.784758 0.000000
vn -0.842662 -0.538442 0.000000
vn -0.842662 -0.538442 0.000000
vn -0.831469 -0.555572 0.000000
vn -0.819931 -0.572462 -0.000000
vn -0.831469 -0.555572 0.000000
vn -0.819931 -0.572462 0.000000
vn 0.518040 0.848519 0.107937
vn 0.312486 0.949922 0.000000
vn 0.302678 0.953088 0.003058
vn 0.459824 0.888010 -0.000000
vn 0.468655 0.883379 -0.002116
vn 0.365347 0.930871 0.001028
vn 0.281108 0.959627 -0.009743
vn 0.443490 0.896275 -0.002734
vn 0.387054 -0.922057 0.000000
vn 0.387054 -0.922057 0.000000
vn 0.179761 -0.983710 0.000000
vn 0.179761 -0.983710 0.000000
vn -0.035936 -0.999354 0.000000
vn -0.035936 -0.999354 0.000000
vn -0.249958 -0.968257 0.000000
vn -0.249958 -0.968257 0.000000
vn -0.452284 -0.891874 0.000000
vn -0.452284 -0.891874 0.000000
vn -0.633459 -0.773776 0.000000
vn -0.633459 -0.773776 0.000000
vn -0.785006 -0.619489 0.000000
vn -0.785006 -0.619489 0.000000
vn -0.689484 0.724301 0.000000
vn -0.689484 0.724301 0.000000
vn -0.707107 0.707107 0.000000
vn -0.707107 0.707107 0.000000
vn -0.724301 0.689484 0.000000
vn -0.724301 0.689484 0.000000
vn 0.482886 -0.875683 0.000000
vn 0.482886 -0.875683 0.000000
vn -0.848519 -0.518040 0.107937
vn -0.949922 -0.312486 0.000000
vn -0.952409 -0.304814 -0.002393
vn -0.909886 -0.414857 0.000992
vn -0.869260 -0.494285 -0.008323
vn -0.888010 -0.459824 -0.000000
vn -0.953088 -0.302678 0.003058
vn -0.896275 -0.443490 -0.002734
vn 0.272308 -0.962210 0.000000
vn 0.272308 -0.962210 0.000000
vn -0.784758 -0.619802 0.000000
vn -0.784758 -0.619802 0.000000
vn 0.153893 -0.982174 0.107937
vn -0.074820 -0.997197 0.000000
vn -0.082860 -0.996558 -0.002393
vn 0.035078 -0.999384 0.000992
vn 0.124010 -0.992246 -0.008323
vn 0.084996 -0.996381 0.000000
vn -0.085093 -0.996368 0.003058
vn 0.066742 -0.997767 -0.002734
vn -0.624233 -0.781238 0.000000
vn -0.624233 -0.781238 0.000000
vn -0.933020 -0.359824 0.000000
vn -0.933020 -0.359824 0.000000
vn -0.923880 -0.382683 0.000000
vn -0.914178 -0.405313 -0.000000
vn -0.923880 -0.382683 0.000000
vn -0.914178 -0.405313 0.000000
vn -0.703750 -0.710447 0.000000
vn -0.703750 -0.710447 0.000000
vn -0.840040 -0.542525 0.000000
vn -0.840040 -0.542525 0.000000
vn -0.937034 -0.349237 0.000000
vn -0.937034 -0.349237 0.000000
vn -0.990207 -0.139606 0.000000
vn -0.990207 -0.139606 0.000000
vn -0.997065 0.076553 0.000000
vn -0.997065 0.076553 0.000000
vn -0.957290 0.289130 0.000000
vn -0.957290 0.289130 0.000000
vn -0.872741 0.488184 0.000000
vn -0.872741 0.488184 0.000000
vn -0.585682 0.803322 0.107939
vn -0.758031 0.652219 0.000000
vn -0.764709 0.644369 0.003058
vn -0.644446 0.764649 0.000000
vn -0.636788 0.771036 -0.002116
vn -0.720201 0.693765 0.001029
vn -0.779004 0.626944 -0.009743
vn -0.658334 0.752721 -0.002734
vn -0.819931 0.572462 0.000000
vn -0.819931 0.572462 0.000000
vn -0.831469 0.555572 0.000000
vn -0.831469 0.555572 0.000000
vn -0.842662 0.538442 0.000000
vn -0.842662 0.538442 0.000000
vn -0.487834 0.872936 0.000000
vn -0.487834 0.872936 0.000000
vn -0.785006 0.619489 0.000000
vn -0.785006 0.619489 0.000000
vn -0.633459 0.773776 0.000000
vn -0.452284 0.891874 0.000000
vn -0.633459 0.773776 0.000000
vn -0.452284 0.891874 0.000000
vn -0.249958 0.968257 0.000000
vn -0.249958 0.968257 0.000000
vn -0.035936 0.999354 0.000000
vn 0.179761 0.983710 0.000000
vn -0.035936 0.999354 0.000000
vn 0.179761 0.983710 0.000000
vn 0.387054 0.922057 0.000000
vn 0.387054 0.922057 -0.000000
vn -0.277749 0.960654 0.000000
vn -0.277749 0.960654 0.000000
vn 0.482886 0.875683 -0.000000
vn 0.482886 0.875683 0.000000
vn -0.993128 -0.117034 0.000000
vn -0.993128 -0.117034 0.000000
vn -0.995066 0.099219 0.000000
vn -0.995066 0.099219 0.000000
vn -0.950465 0.310833 0.000000
vn -0.950465 0.310833 0.000000
vn -0.861406 0.507917 0.000000
vn -0.861406 0.507917 0.000000
vn -0.732062 0.681238 0.000000
vn -0.732062 0.681238 0.000000
vn -0.568479 0.822698 0.000000
vn -0.568479 0.822698 0.000000
vn -0.378304 0.925682 0.000000
vn -0.378304 0.925682 0.000000
vn 0.272308 0.962210 -0.000000
vn 0.272308 0.962210 0.000000
vn -0.984571 -0.174985 0.000000
vn -0.984571 -0.174985 0.000000
vn -0.980786 -0.195089 0.000000
vn -0.980786 -0.195089 0.000000
vn -0.976589 -0.215116 0.000000
vn -0.976589 -0.215116 0.000000
vn 0.153893 0.982174 0.107937
vn -0.074820 0.997197 0.000000
vn -0.085093 0.996368 0.003058
vn 0.084996 0.996381 -0.000000
vn 0.094927 0.995482 -0.002116
vn -0.018693 0.999825 0.001028
vn -0.107523 0.994155 -0.009743
vn 0.066742 0.997767 -0.002734
vn 0.004735 -0.999989 0.000000
vn 0.004735 -0.999989 0.000000
vn -0.210371 -0.977622 0.000000
vn -0.210371 -0.977622 0.000000
vn -0.415641 -0.909529 0.000000
vn -0.415641 -0.909529 0.000000
vn -0.601465 -0.798899 0.000000
vn -0.601465 -0.798899 0.000000
vn -0.759163 -0.650900 0.000000
vn -0.759163 -0.650900 0.000000
vn -0.881350 -0.472463 0.000000
vn -0.881350 -0.472463 0.000000
vn -0.962318 -0.271927 0.000000
vn -0.962318 -0.271927 0.000000
vn -0.914178 0.405313 0.000000
vn -0.914178 0.405313 0.000000
vn -0.923880 0.382683 0.000000
vn -0.923880 0.382683 0.000000
vn -0.933020 0.359824 0.000000
vn -0.933020 0.359824 0.000000
vn 0.111020 -0.993818 0.000000
vn 0.111020 -0.993818 0.000000
vn -0.585682 -0.803322 0.107939
vn -0.758031 -0.652219 0.000000
vn -0.763263 -0.646083 -0.002393
vn -0.681867 -0.731475 0.000992
vn -0.613936 -0.789312 -0.008323
vn -0.644446 -0.764649 -0.000000
vn -0.764709 -0.644369 0.003058
vn -0.658334 -0.752721 -0.002734
vn -0.116642 -0.993174 0.000000
vn -0.116642 -0.993174 0.000000
vn -0.487834 -0.872936 0.000000
vn -0.487834 -0.872936 0.000000
vn -0.233683 -0.966303 0.107938
vn -0.450736 -0.892657 0.000000
vn -0.457918 -0.888991 -0.002393
vn -0.350040 -0.936734 0.000992
vn -0.265146 -0.964172 -0.008323
vn -0.302772 -0.953063 -0.000000
vn -0.459910 -0.887960 0.003058
vn -0.320167 -0.947357 -0.002734
vn -0.277749 -0.960654 0.000000
vn -0.277749 -0.960654 0.000000
vn -0.999697 0.024615 0.000000
vn -0.999697 0.024615 0.000000
vn -1.000000 -0.000000 0.000000
vn -1.000000 0.000000 0.000000
vn -0.999697 -0.024615 0.000000
vn -0.999697 -0.024615 0.000000
vn -0.378304 -0.925682 0.000000
vn -0.378304 -0.925682 0.000000
vn -0.568479 -0.822698 0.000000
vn -0.568479 -0.822698 0.000000
vn -0.732062 -0.681238 0.000000
vn -0.732062 -0.681238 0.000000
vn -0.861406 -0.507917 0.000000
vn -0.861406 -0.507917 0.000000
vn -0.950465 -0.310833 0.000000
vn -0.950465 -0.310833 0.000000
vn -0.995066 -0.099219 0.000000
vn -0.995066 -0.099219 0.000000
vn -0.993128 0.117034 0.000000
vn -0.993128 0.117034 0.000000
vn -0.233683 0.966303 0.107938
vn -0.450736 0.892657 0.000000
vn -0.459910 0.887960 0.003058
vn -0.302772 0.953063 0.000000
vn -0.293253 0.956032 -0.002116
vn -0.399887 0.916564 0.001029
vn -0.479784 0.877332 -0.009743
vn -0.320167 0.947357 -0.002734
vn -0.976589 0.215116 0.000000
vn -0.976589 0.215116 0.000000
vn -0.980786 0.195089 0.000000
vn -0.980786 0.195089 0.000000
vn -0.984571 0.174985 0.000000
vn -0.984571 0.174985 0.000000
vn -0.116642 0.993174 0.000000
vn -0.116642 0.993174 0.000000
vn -0.962318 0.271927 0.000000
vn -0.962318 0.271927 0.000000
vn -0.881350 0.472463 0.000000
vn -0.881350 0.472463 0.000000
vn -0.759163 0.650900 0.000000
vn -0.759163 0.650900 0.000000
vn -0.601465 0.798899 0.000000
vn -0.601465 0.798899 0.000000
vn -0.415641 0.909529 0.000000
vn -0.210371 0.977622 0.000000
vn -0.415641 0.909529 0.000000
vn -0.210371 0.977622 0.000000
vn 0.004735 0.999989 0.000000
vn 0.004735 0.999989 -0.000000
vn 0.111020 0.993818 -0.000000
vn 0.111020 0.993818 0.000000
vn -0.000000 1.000000 0.000000
vn 0.000000 1.000000 0.000000
vn -1.000000 0.000000 0.000000
vn -1.000000 0.000000 0.000000
vn -0.000000 -1.000000 -0.000000
vn 0.000000 -1.000000 0.000000
vn 1.000000 0.000000 0.000000
vn 1.000000 0.000000 0.000000
vn 1.000000 0.000000 0.000000
vn 1.000000 0.000000 0.000000
vn -0.000000 1.000000 0.000000
vn 0.000000 1.000000 0.000000
vn -1.000000 0.000000 0.000000
vn -1.000000 0.000000 0.000000
vn -0.000000 -1.000000 0.000000
vn 0.000000 -1.000000 -0.000000
vn -0.992709 0.120537 0.000000
vn -0.992709 0.120537 0.000000
vn -0.935016 0.354605 0.000000
vn -0.935016 0.354605 0.000000
vn -0.822984 0.568065 0.000000
vn -0.822984 0.568065 0.000000
vn -0.663123 0.748511 0.000000
vn -0.663123 0.748511 0.000000
vn -0.464723 0.885456 0.000000
vn -0.464723 0.885456 0.000000
vn -0.239316 0.970942 0.000000
vn 0.000000 1.000000 0.000000
vn -0.239316 0.970942 0.000000
vn 0.000000 1.000000 0.000000
vn 0.239316 0.970942 0.000000
vn 0.239316 0.970942 -0.000000
vn 0.464723 0.885456 0.000000
vn 0.464723 0.885456 -0.000000
vn 0.663123 0.748511 0.000000
vn 0.663123 0.748511 -0.000000
vn 0.822984 0.568065 -0.000000
vn 0.822984 0.568065 0.000000
vn 0.935016 0.354605 -0.000000
vn 0.935016 0.354605 0.000000
vn 0.992709 0.120537 0.000000
vn 0.992709 0.120537 0.000000
vn 0.992709 -0.120537 0.000000
vn 0.992709 -0.120537 0.000000
vn 0.935016 -0.354605 0.000000
vn 0.935016 -0.354605 0.000000
vn 0.822984 -0.568065 0.000000
vn 0.822984 -0.568065 0.000000
vn 0.663123 -0.748511 0.000000
vn 0.663123 -0.748511 0.000000
vn 0.464723 -0.885456 0.000000
vn 0.239316 -0.970942 0.000000
vn 0.464723 -0.885456 0.000000
vn 0.239316 -0.970942 0.000000
vn 0.000000 -1.000000 0.000000
vn 0.000000 -1.000000 0.000000
vn -0.239316 -0.970942 0.000000
vn -0.239316 -0.970942 0.000000
vn -0.464723 -0.885456 0.000000
vn -0.464723 -0.885456 0.000000
vn -0.663123 -0.748511 0.000000
vn -0.822984 -0.568065 -0.000000
vn -0.663123 -0.748511 0.000000
vn -0.822984 -0.568065 0.000000
vn -0.935016 -0.354605 0.000000
vn -0.935016 -0.354605 0.000000
vn -0.992709 -0.120537 0.000000
vn -0.992709 -0.120537 0.000000
vn 0.000000 0.000000 -1.000000
vn 0.000000 0.000000 -1.000000
vn 0.000000 0.000000 -1.000000
vn 0.000000 -0.000000 -1.000000
vn 0.000000 0.000000 -1.000000
vn 0.000000 0.000000 -1.000000
vn 0.000000 0.000000 -1.000000
vn 0.000000 0.000000 -1.000000
vn 0.000000 0.000000 -1.000000
vn 0.000000 0.000000 -1.000000
vn 0.000000 0.000000 -1.000000
vn 0.000000 0.000000 -1.000000
vn 0.000000 0.000000 -1.000000
vn 0.000000 0.000000 -1.000000
vn 0.000000 0.000000 -1.000000
vn 0.000000 0.000000 -1.000000
vn 0.000000 0.000000 -1.000000
vn 0.000000 0.000000 -1.000000
vn 0.000000 0.000000 -1.000000
vn 0.000000 0.000000 -1.000000
vn 0.000000 0.000000 -1.000000
vn 0.000000 0.000000 -1.000000
vn 0.000000 0.000000 -1.000000
vn 0.000000 0.000000 -1.000000
vn 0.000000 0.000000 -1.000000
vn 0.000000 0.000000 -1.000000
vn 0.000000 0.000000 -1.000000
vn 0.000000 0.000000 -1.000000
vn 0.000000 0.000000 -1.000000
vn 0.000000 0.000000 -1.000000
vn 0.000000 0.000000 -1.000000
vn 0.000000 0.000000 -1.000000
vn 0.000000 -0.000000 -1.000000
vn 0.000000 0.000000 -1.000000
vn 0.000000 0.000000 -1.000000
vn 0.000000 -0.000000 -1.000000
vn 0.000000 0.000000 -1.000000
vn 0.000000 0.000000 -1.000000
vn 0.000000 0.000000 -1.000000
vn 0.000000 0.000000 -1.000000
vn 0.000000 -0.000000 -1.000000
vn 0.000000 0.000000 -1.000000
vn 0.000000 0.000000 -1.000000
vn 0.000000 0.000000 -1.000000
vn 0.000000 0.000000 -1.000000
vn 0.000000 0.000000 -1.000000
vn 0.000000 0.000000 -1.000000
vn 0.000000 0.000000 -1.000000
vn 0.000000 0.000000 -1.000000
vn 0.000000 0.000000 -1.000000
vn 0.000000 0.000000 -1.000000
vn 0.000000 0.000000 -1.000000
vn 0.000000 0.000000 -1.000000
vn 0.000000 0.000000 -1.000000
vn 0.000000 0.000000 -1.000000
vn 0.000000 0.000000 -1.000000
vn 0.000000 0.000000 -1.000000
vn 0.000000 0.000000 -1.000000
vn 0.000000 0.000000 -1.000000
vn 0.000000 0.000000 -1.000000
vn 0.000000 0.000000 -1.000000
vn 0.000000 -0.000000 -1.000000
vn 0.000000 0.000000 -1.000000
vn 0.000000 -0.000000 -1.000000
vn 0.000000 0.000000 -1.000000
vn 0.000000 0.000000 -1.000000
vn 0.000000 0.000000 -1.000000
vn 0.000000 0.000000 -1.000000
vn 0.000000 0.000000 -1.000000
vn 0.000000 -0.000000 -1.000000
vn 0.000000 -0.000000 -1.000000
vn 0.000000 0.000000 -1.000000
vn 0.000000 0.000000 -1.000000
vn 0.000000 0.000000 -1.000000
vn 0.000000 0.000000 -1.000000
vn 0.000000 0.000000 -1.000000
vn 0.000000 0.000000 -1.000000
vn 0.000000 0.000000 -1.000000
vn 0.000000 0.000000 -1.000000
vn 0.000000 0.000000 -1.000000
vn 0.000000 0.000000 -1.000000
vn 0.000000 0.000000 -1.000000
vn 0.000000 0.000000 -1.000000
vn 0.000000 0.000000 -1.000000
vn 0.000000 0.000000 -1.000000
vn 0.000000 0.000000 -1.000000
vn 0.000000 0.000000 -1.000000
vn 0.000000 0.000000 -1.000000
vn 0.000000 0.000000 -1.000000
vn 0.000000 0.000000 -1.000000
vn 0.000000 0.000000 -1.000000
vn 0.000000 0.000000 -1.000000
vn 0.000000 0.000000 -1.000000
vn 0.000000 0.000000 -1.000000
vn 0.000000 0.000000 -1.000000
vn 0.000000 0.000000 -1.000000
vn 0.000000 0.000000 -1.000000
vn 0.000000 0.000000 -1.000000
vn 0.000000 0.000000 -1.000000
vn 0.000000 0.000000 -1.000000
vn 0.000000 0.000000 -1.000000
vn 0.000000 -0.000000 -1.000000
vn 0.000000 0.000000 -1.000000
vn 0.000000 0.000000 -1.000000
vn 0.000000 0.000000 -1.000000
vn 0.000000 0.000000 -1.000000
vn 0.000000 0.000000 -1.000000
vn 0.000000 0.000000 -1.000000
vn 0.000000 -0.000000 -1.000000
vn 0.000000 0.000000 -1.000000
vn 0.000000 0.000000 -1.000000
vn 0.000000 0.000000 -1.000000
vn 0.000000 0.000000 -1.000000
vn 0.000000 0.000000 -1.000000
vn 0.000000 0.000000 -1.000000
vn 0.000000 -0.000000 -1.000000
vn 0.000000 0.000000 -1.000000
vn 0.000000 0.000000 -1.000000
vn 0.000000 0.000000 -1.000000
vn 0.000000 0.000000 -1.000000
vn 0.000000 0.000000 -1.000000
vn 0.000000 0.000000 -1.000000
vn 0.000000 0.000000 -1.000000
vn 0.000000 0.000000 -1.000000
vn 0.000000 0.000000 -1.000000
vn 0.000000 0.000000 -1.000000
vn 0.000000 0.000000 -1.000000
vn 0.000000 0.000000 -1.000000
vn 0.000000 -0.000000 -1.000000
vn 0.000000 0.000000 -1.000000
vn 0.000000 0.000000 -1.000000
vn 0.000000 -0.000000 -1.000000
vn 0.000000 0.000000 -1.000000
vn 0.000000 0.000000 -1.000000
vn 0.000000 0.000000 -1.000000
vn 0.000000 0.000000 -1.000000
vn 0.000000 0.000000 -1.000000
vn 0.000000 -0.000000 -1.000000
vn 0.000000 -0.000000 -1.000000
vn 0.000000 -0.000000 -1.000000
vn 0.000000 0.000000 -1.000000
vn 0.000000 0.000000 -1.000000
vn 0.000000 0.000000 -1.000000
vn 0.000000 0.000000 -1.000000
vn 0.000000 0.000000 -1.000000
vn 0.000000 0.000000 -1.000000
vn 0.000000 -0.000000 -1.000000
vn 0.000000 -0.000000 -1.000000
vn 0.000000 0.000000 -1.000000
vn 0.000000 0.000000 -1.000000
vn 0.000000 -0.000000 -1.000000
vn 0.000000 0.000000 -1.000000
vn 0.000000 0.000000 -1.000000
vn 0.000000 0.000000 -1.000000
vn 0.000000 0.000000 -1.000000
vn 0.000000 0.000000 -1.000000
vn 0.000000 0.000000 -1.000000
vn 0.000000 0.000000 -1.000000
vn 0.000000 0.000000 -1.000000
vn 0.000000 0.000000 -1.000000
vn 0.000000 0.000000 -1.000000
vn 0.000000 -0.000000 -1.000000
vn 0.000000 -0.000000 -1.000000
vn 0.000000 0.000000 -1.000000
vn 0.000000 0.000000 -1.000000
vn 0.000000 0.000000 -1.000000
vn 0.000000 -0.000000 -1.000000
vn 0.000000 0.000000 -1.000000
vn 0.000000 0.000000 -1.000000
vn 0.000000 -0.000000 -1.000000
vn 0.000000 0.000000 -1.000000
vn 0.000000 0.000000 -1.000000
vn 0.000000 0.000000 -1.000000
vn 0.000000 0.000000 -1.000000
vn 0.000000 -0.000000 -1.000000
vn 0.000000 -0.000000 -1.000000
vn 0.000000 -0.000000 -1.000000
vn 0.000000 -0.000000 -1.000000
vn 0.000000 0.000000 -1.000000
vn 0.000000 0.000000 -1.000000
vn 0.000000 0.000000 -1.000000
vn 0.000000 0.000000 -1.000000
vn 0.000000 0.000000 -1.000000
vn 0.000000 -0.000000 -1.000000
vn 0.000000 0.000000 -1.000000
vn 0.000000 -0.000000 -1.000000
vn 0.000000 -0.000000 -1.000000
vn 0.000000 -0.000000 -1.000000
vn 0.000000 -0.000000 -1.000000
vn 0.000000 0.000000 -1.000000
vn 0.000000 0.000000 -1.000000
vn 0.000000 0.000000 -1.000000
vn 0.000000 0.000000 -1.000000
vn 0.000000 0.000000 -1.000000
vn 0.000000 0.000000 -1.000000
vn 0.000000 0.000000 -1.000000
vn 0.000000 0.000000 -1.000000
vn 0.000000 0.000000 -1.000000
vn 0.000000 0.000000 -1.000000
vn 0.000000 0.000000 -1.000000
vn 0.000000 0.000000 -1.000000
vn 0.000000 0.000000 -1.000000
vn 0.000000 -0.000000 -1.000000
vn 0.000000 -0.000000 -1.000000
vn 0.000000 -0.000000 -1.000000
vn 0.000000 0.000000 -1.000000
vn 0.000000 0.000000 -1.000000
vn 0.000000 0.000000 -1.000000
vn 0.000000 0.000000 -1.000000
vn 0.000000 0.000000 -1.000000
vn 0.000000 0.000000 -1.000000
vn 0.000000 0.000000 -1.000000
vn 0.000000 -0.000000 -1.000000
vn 0.000000 0.000000 -1.000000
vn 0.000000 0.000000 -1.000000
vn 0.000000 -0.000000 -1.000000
vn 0.000000 -0.000000 -1.000000
vn 0.000000 0.000000 -1.000000
vn 0.000000 0.000000 -1.000000
vn 0.000000 0.000000 -1.000000
vn 0.000000 0.000000 -1.000000
vn 0.000000 -0.000000 -1.000000
vn 0.000000 0.000000 -1.000000
vn 0.000000 0.000000 -1.000000
vn 0.000000 0.000000 -1.000000
vn 0.000000 -0.000000 -1.000000
vn 0.000000 0.000000 -1.000000
vn 0.000000 -0.000000 -1.000000
vn 0.000000 0.000000 -1.000000
vn 0.000000 0.000000 -1.000000
vn 0.000000 -0.000000 -1.000000
vn 0.000000 0.000000 -1.000000
vn 0.000000 0.000000 -1.000000
vn 0.000000 0.000000 -1.000000
vn 0.000000 -0.000000 -1.000000
vn 0.000000 0.000000 -1.000000
vn 0.000000 -0.000000 -1.000000
vn 0.000000 0.000000 -1.000000
vn 0.000000 0.000000 -1.000000
vn 0.000000 0.000000 -1.000000
vn 0.000000 0.000000 -1.000000
vn 0.000000 0.000000 -1.000000
vn 0.000000 0.000000 -1.000000
vn 0.000000 0.000000 -1.000000
vn 0.000000 0.000000 -1.000000
vn 0.000000 -0.000000 -1.000000
vn 0.000000 0.000000 -1.000000
vn 0.000000 0.000000 -1.000000
vn 0.000000 0.000000 -1.000000
vn 0.000000 0.000000 -1.000000
vn 0.000000 0.000000 -1.000000
vn 0.000000 0.000000 -1.000000
vn 0.000000 0.000000 -1.000000
vn 0.000000 0.000000 -1.000000
vn 0.000000 0.000000 -1.000000
vn 0.000000 0.000000 -1.000000
vn 0.000000 0.000000 -1.000000
vn 0.000000 0.000000 -1.000000
vn 0.000000 0.000000 -1.000000
vn 0.000000 0.000000 -1.000000
vn 0.000000 0.000000 -1.000000
vn 0.000000 0.000000 -1.000000
vn 0.000000 0.000000 -1.000000
vn 0.000000 -0.000000 -1.000000
vn 0.000000 0.000000 -1.000000
vn 0.000000 0.000000 -1.000000
vn 0.000000 0.000000 -1.000000
vn 0.000000 -0.000000 -1.000000
vn 0.000000 -0.000000 -1.000000
vn 0.000000 -0.000000 -1.000000
vn 0.000000 0.000000 -1.000000
vn 0.000000 0.000000 -1.000000
vn 0.000000 0.000000 -1.000000
vn 0.000000 0.000000 -1.000000
vn 0.000000 0.000000 -1.000000
vn 0.000000 -0.000000 -1.000000
vn 0.000000 -0.000000 -1.000000
vn 0.000000 -0.000000 -1.000000
vn 0.000000 -0.000000 -1.000000
vn 0.000000 0.000000 -1.000000
vn 0.000000 0.000000 -1.000000
vn 0.000000 0.000000 -1.000000
vn 0.000000 0.000000 -1.000000
vn 0.000000 0.000000 -1.000000
vn 0.000000 -0.000000 -1.000000
vn 0.000000 0.000000 -1.000000
vn 0.000000 0.000000 -1.000000
vn 0.000000 -0.000000 -1.000000
vn 0.000000 0.000000 -1.000000
vn 0.000000 0.000000 -1.000000
vn 0.000000 -0.000000 -1.000000
vn 0.000000 0.000000 -1.000000
vn 0.000000 0.000000 -1.000000
vn 0.000000 0.000000 -1.000000
vn 0.000000 0.000000 -1.000000
vn 0.000000 0.000000 -1.000000
vn 0.000000 0.000000 -1.000000
vn 0.000000 0.000000 -1.000000
vn 0.000000 0.000000 -1.000000
vn 0.000000 0.000000 -1.000000
vn 0.000000 0.000000 -1.000000
vn 0.000000 -0.000000 -1.000000
vn 0.000000 0.000000 -1.000000
vn 0.000000 0.000000 -1.000000
vn 0.000000 0.000000 -1.000000
vn 0.000000 -0.000000 -1.000000
vn 0.000000 0.000000 -1.000000
vn 0.000000 0.000000 -1.000000
vn 0.000000 0.000000 -1.000000
vn 0.000000 0.000000 -1.000000
vn 0.000000 0.000000 -1.000000
vn 0.000000 0.000000 -1.000000
vn 0.000000 0.000000 -1.000000
vn 0.000000 0.000000 -1.000000
vn 0.000000 -0.000000 -1.000000
vn 0.000000 0.000000 -1.000000
vn -0.000000 -0.000000 -1.000000
vn 0.000000 0.000000 -1.000000
vn 0.000000 0.000000 -1.000000
vn 0.000000 0.000000 -1.000000
vn 0.000000 0.000000 -1.000000
vn 0.000000 0.000000 -1.000000
vn 0.000000 -0.000000 -1.000000
vn 0.000000 0.000000 -1.000000
vn 0.000000 -0.000000 -1.000000
vn 0.000000 0.000000 -1.000000
vn 0.000000 0.000000 -1.000000
vn 0.000000 -0.000000 -1.000000
vn 0.000000 0.000000 -1.000000
vn 0.000000 -0.000000 -1.000000
vn 0.000000 -0.000000 -1.000000
vn 0.000000 0.000000 -1.000000
vn 0.000000 0.000000 -1.000000
vn 0.000000 0.000000 -1.000000
vn 0.000000 0.000000 -1.000000
vn 0.000000 -0.000000 -1.000000
vn 0.000000 0.000000 -1.000000
vn 0.000000 0.000000 -1.000000
vn 0.000000 -0.000000 -1.000000
vn 0.000000 0.000000 -1.000000
vn 0.000000 0.000000 -1.000000
vn 0.000000 0.000000 -1.000000
vn 0.000000 0.000000 -1.000000
vn 0.000000 0.000000 -1.000000
vn 0.000000 0.000000 -1.000000
vn 0.000000 0.000000 -1.000000
vn 0.000000 -0.000000 -1.000000
vn 0.000000 0.000000 -1.000000
vn 0.000000 0.000000 -1.000000
vn 0.000000 -0.000000 -1.000000
vn 0.000000 0.000000 -1.000000
vn 0.000000 0.000000 -1.000000
vn 0.000000 -0.000000 -1.000000
vn 0.000000 0.000000 -1.000000
vn 0.000000 0.000000 -1.000000
vn 0.000000 -0.000000 -1.000000
vn 0.000000 0.000000 -1.000000
vn 0.000000 -0.000000 -1.000000
vn 0.000000 -0.000000 -1.000000
vn 0.000000 0.000000 -1.000000
vn 0.000000 0.000000 -1.000000
vn 0.000000 0.000000 -1.000000
vn 0.000000 0.000000 -1.000000
vn 0.000000 0.000000 -1.000000
vn 0.000000 0.000000 -1.000000
vn 0.000000 0.000000 -1.000000
vn 0.000000 0.000000 -1.000000
vn 0.000000 0.000000 -1.000000
vn 0.000000 0.000000 -1.000000
vn 0.000000 -0.000000 -1.000000
vn 0.000000 0.000000 -1.000000
vn 0.000000 -0.000000 -1.000000
vn 0.000000 0.000000 -1.000000
vn 0.000000 -0.000000 -1.000000
vn 0.000000 0.000000 -1.000000
vn 0.000000 0.000000 -1.000000
vn 0.000000 -0.000000 -1.000000
vn 0.000000 -0.000000 -1.000000
vn 0.000000 0.000000 -1.000000
vn 0.000000 0.000000 -1.000000
vn 0.000000 0.000000 -1.000000
vn 0.000000 -0.000000 -1.000000
vn 0.000000 0.000000 -1.000000
vn 0.000000 0.000000 -1.000000
vn 0.000000 -0.000000 -1.000000
vn 0.000000 0.000000 -1.000000
vn 0.000000 0.000000 -1.000000
vn 0.000000 0.000000 -1.000000
vn 0.000000 -0.000000 -1.000000
vn 0.000000 0.000000 -1.000000
vn 0.000000 -0.000000 -1.000000
vn 0.000000 0.000000 -1.000000
vn 0.000000 0.000000 -1.000000
vn 0.000000 0.000000 -1.000000
vn 0.000000 0.000000 -1.000000
vn 0.000000 0.000000 -1.000000
vn 0.000000 -0.000000 -1.000000
vn 0.000000 -0.000000 -1.000000
vn 0.000000 0.000000 -1.000000
vn 0.000000 -0.000000 -1.000000
vn 0.000000 0.000000 -1.000000
vn 0.000000 0.000000 -1.000000
vn 0.000000 0.000000 -1.000000
vn 0.000000 -0.000000 -1.000000
vn 0.000000 -0.000000 -1.000000
vn 0.000000 0.000000 -1.000000
vn -0.000000 -0.000000 -1.000000
vn 0.000000 0.000000 -1.000000
vn 0.000000 0.000000 -1.000000
vn 0.000000 0.000000 -1.000000
vn 0.000000 0.000000 -1.000000
vn 0.000000 0.000000 -1.000000
vn 0.000000 0.000000 -1.000000
vn 0.000000 0.000000 -1.000000
vn 0.000000 0.000000 -1.000000
vn 0.000000 0.000000 -1.000000
vn 0.000000 0.000000 -1.000000
vn 0.000000 0.000000 -1.000000
vn 0.000000 -0.000000 -1.000000
vn 0.000000 -0.000000 -1.000000
vn 0.000000 -0.000000 -1.000000
vn 0.000000 0.000000 -1.000000
vn 0.000000 0.000000 -1.000000
vn 0.000000 0.000000 -1.000000
vn 0.000000 -0.000000 -1.000000
vn 0.000000 0.000000 -1.000000
vn 0.000000 0.000000 -1.000000
vn 0.000000 -0.000000 -1.000000
vn 0.000000 0.000000 -1.000000
vn 0.000000 0.000000 -1.000000
vn 0.000000 0.000000 -1.000000
vn 0.000000 0.000000 -1.000000
vn 0.000000 0.000000 -1.000000
vn 0.000000 0.000000 -1.000000
vn 0.000000 0.000000 -1.000000
vn 0.000000 0.000000 -1.000000
vn 0.000000 0.000000 -1.000000
vn 0.000000 0.000000 -1.000000
vn 0.000000 -0.000000 -1.000000
vn 0.000000 -0.000000 -1.000000
vn 0.000000 -0.000000 -1.000000
vn 0.000000 0.000000 -1.000000
vn 0.700920 -0.017258 -0.713031
vn 0.702623 -0.046038 -0.710071
vn 0.692707 0.000000 -0.721219
vn 0.700920 0.017258 -0.713031
vn 0.692707 0.000000 -0.721219
vn 0.719873 0.000000 -0.694106
vn 0.719873 0.000000 -0.694106
vn 0.702623 0.046038 -0.710071
vn 0.640961 -0.284179 -0.713030
vn 0.631521 -0.311416 -0.710071
vn 0.639978 -0.265087 -0.721219
vn 0.654171 -0.252285 -0.713030
vn 0.639978 -0.265088 -0.721219
vn 0.665076 -0.275484 -0.694106
vn 0.665075 -0.275483 -0.694107
vn 0.666757 -0.226349 -0.710071
vn 0.654171 0.252285 -0.713030
vn 0.639978 0.265087 -0.721219
vn 0.666757 0.226349 -0.710071
vn 0.640961 0.284179 -0.713030
vn 0.639978 0.265088 -0.721219
vn 0.665075 0.275483 -0.694107
vn 0.665076 0.275484 -0.694106
vn 0.631521 0.311416 -0.710071
vn 0.483420 -0.507832 -0.713030
vn 0.489818 -0.489818 -0.721219
vn 0.464276 -0.529383 -0.710071
vn 0.507832 -0.483420 -0.713030
vn 0.489818 -0.489818 -0.721219
vn 0.509027 -0.509027 -0.694106
vn 0.509027 -0.509027 -0.694106
vn 0.529383 -0.464276 -0.710071
vn 0.507832 0.483420 -0.713030
vn 0.489818 0.489818 -0.721219
vn 0.529383 0.464276 -0.710071
vn 0.483420 0.507832 -0.713030
vn 0.489818 0.489818 -0.721219
vn 0.509027 0.509027 -0.694106
vn 0.509027 0.509027 -0.694106
vn 0.464276 0.529383 -0.710071
vn 0.252285 -0.654171 -0.713030
vn 0.265087 -0.639978 -0.721219
vn 0.226349 -0.666757 -0.710071
vn 0.284179 -0.640961 -0.713030
vn 0.265088 -0.639978 -0.721219
vn 0.275483 -0.665075 -0.694107
vn 0.275484 -0.665076 -0.694106
vn 0.311416 -0.631521 -0.710071
vn 0.284179 0.640961 -0.713030
vn 0.311416 0.631521 -0.710071
vn 0.265087 0.639978 -0.721219
vn 0.252285 0.654171 -0.713030
vn 0.265088 0.639978 -0.721219
vn 0.275484 0.665076 -0.694106
vn 0.275483 0.665075 -0.694107
vn 0.226349 0.666757 -0.710071
vn -0.017258 -0.700920 -0.713031
vn -0.046038 -0.702623 -0.710071
vn 0.000000 -0.692707 -0.721219
vn 0.017258 -0.700920 -0.713031
vn 0.000000 -0.692707 -0.721219
vn 0.000000 -0.719873 -0.694106
vn 0.000000 -0.719873 -0.694106
vn 0.046038 -0.702623 -0.710071
vn 0.017258 0.700920 -0.713031
vn 0.046038 0.702623 -0.710071
vn 0.000000 0.692707 -0.721219
vn -0.017258 0.700920 -0.713031
vn 0.000000 0.692707 -0.721219
vn 0.000000 0.719873 -0.694106
vn 0.000000 0.719873 -0.694106
vn -0.046038 0.702623 -0.710071
vn -0.284179 -0.640961 -0.713030
vn -0.311416 -0.631521 -0.710071
vn -0.265087 -0.639978 -0.721219
vn -0.252285 -0.654171 -0.713030
vn -0.265088 -0.639978 -0.721219
vn -0.275484 -0.665076 -0.694106
vn -0.275483 -0.665075 -0.694107
vn -0.226349 -0.666757 -0.710071
vn -0.252285 0.654171 -0.713030
vn -0.265087 0.639978 -0.721219
vn -0.226349 0.666757 -0.710071
vn -0.284179 0.640961 -0.713030
vn -0.265088 0.639978 -0.721219
vn -0.275483 0.665075 -0.694107
vn -0.275484 0.665076 -0.694106
vn -0.311416 0.631521 -0.710071
vn -0.507832 -0.483420 -0.713030
vn -0.489818 -0.489818 -0.721219
vn -0.529383 -0.464276 -0.710071
vn -0.483420 -0.507832 -0.713030
vn -0.489818 -0.489818 -0.721219
vn -0.509027 -0.509027 -0.694106
vn -0.509027 -0.509027 -0.694106
vn -0.464276 -0.529383 -0.710071
vn -0.483420 0.507832 -0.713030
vn -0.489818 0.489818 -0.721219
vn -0.464276 0.529383 -0.710071
vn -0.507832 0.483420 -0.713030
vn -0.489818 0.489818 -0.721219
vn -0.509027 0.509027 -0.694106
vn -0.509027 0.509027 -0.694106
vn -0.529383 0.464276 -0.710071
vn -0.654171 -0.252285 -0.713030
vn -0.639978 -0.265087 -0.721219
vn -0.666757 -0.226349 -0.710071
vn -0.640961 -0.284179 -0.713030
vn -0.639978 -0.265088 -0.721219
vn -0.665075 -0.275483 -0.694107
vn -0.665076 -0.275484 -0.694106
vn -0.631521 -0.311416 -0.710071
vn -0.640961 0.284179 -0.713030
vn -0.631521 0.311416 -0.710071
vn -0.639978 0.265087 -0.721219
vn -0.654171 0.252285 -0.713030
vn -0.639978 0.265088 -0.721219
vn -0.665076 0.275484 -0.694106
vn -0.665075 0.275483 -0.694107
vn -0.666757 0.226349 -0.710071
vn -0.700920 0.017258 -0.713031
vn -0.692707 -0.000000 -0.721219
vn -0.702623 0.046038 -0.710071
vn -0.700920 -0.017258 -0.713031
vn -0.692707 -0.000000 -0.721219
vn -0.719873 -0.000000 -0.694106
vn -0.719873 -0.000000 -0.694106
vn -0.702623 -0.046038 -0.710071
vn 0.000000 0.000000 1.000000
vn 0.000000 0.000000 1.000000
vn 0.000000 0.000000 1.000000
vn 0.000000 0.000000 1.000000
f 1//1 2//1 3//1
f 1//2 3//2 4//2
f 5//3 6//3 7//3
f 5//4 4//4 6//4
f 5//5 1//5 4//5
f 8//6 5//6 7//6
f 9//7 7//7 10//7
f 9//8 8//8 7//8
f 11//9 10//9 12//9
f 11//10 9//10 10//10
f 13//11 14//11 15//11
f 13//12 12//12 14//12
f 13//13 11//13 12//13
f 16//14 13//14 15//14
f 17//15 18//15 19//15
f 17//16 15//16 18//16
f 17//17 16//17 15//17
f 20//18 17//18 19//18
f 21//19 19//19 22//19
f 21//20 20//20 19//20
f 23//21 21//21 22//21
f 23//22 22//22 24//22
f 25//23 23//23 24//23
f 25//24 24//24 26//24
f 27//25 25//25 26//25
f 27//26 28//26 29//26
f 27//27 26//27 28//27
f 30//28 27//28 29//28
f 31//29 30//29 29//29
f 31//30 32//30 33//30
f 31//31 29//31 32//31
f 34//32 31//32 33//32
f 35//33 34//33 33//33
f 35//34 33//34 36//34
f 37//35 35//35 36//35
f 37//36 36//36 38//36
f 39//37 37//37 38//37
f 39//38 38//38 40//38
f 41//39 39//39 40//39
f 41//40 40//40 42//40
f 43//41 42//41 44//41
f 43//42 41//42 42//42
f 45//43 44//43 46//43
f 45//44 43//44 44//44
f 47//45 48//45 49//45
f 47//46 46//46 48//46
f 47//47 45//47 46//47
f 50//48 47//48 49//48
f 51//49 52//49 3//49
f 51//50 49//50 52//50
f 51//51 50//51 49//51
f 2//52 51//52 3//52
f 53//53 54//53 2//53
f 55//54 54//54 53//54
f 2//55 54//55 51//55
f 56//56 54//56 55//56
f 54//57 57//57 51//57
f 56//58 57//58 54//58
f 57//59 58//59 51//59
f 56//60 58//60 57//60
f 56//61 59//61 58//61
f 51//62 59//62 50//62
f 60//63 59//63 56//63
f 58//64 59//64 51//64
f 59//65 61//65 50//65
f 60//66 61//66 59//66
f 50//67 62//67 47//67
f 63//68 62//68 60//68
f 61//69 62//69 50//69
f 60//70 62//70 61//70
f 62//71 64//71 47//71
f 63//72 64//72 62//72
f 47//73 65//73 45//73
f 66//74 65//74 63//74
f 64//75 65//75 47//75
f 63//76 65//76 64//76
f 65//77 67//77 45//77
f 66//78 67//78 65//78
f 67//79 68//79 45//79
f 66//80 68//80 67//80
f 45//81 69//81 43//81
f 68//82 69//82 45//82
f 66//83 69//83 68//83
f 70//84 69//84 66//84
f 69//85 71//85 43//85
f 70//86 71//86 69//86
f 43//87 72//87 41//87
f 70//88 72//88 71//88
f 73//89 72//89 70//89
f 71//90 72//90 43//90
f 72//91 74//91 41//91
f 73//92 74//92 72//92
f 73//93 75//93 74//93
f 74//94 75//94 41//94
f 41//95 76//95 39//95
f 77//96 76//96 73//96
f 75//97 76//97 41//97
f 73//98 76//98 75//98
f 77//99 78//99 76//99
f 76//100 78//100 39//100
f 39//101 79//101 37//101
f 80//102 79//102 77//102
f 78//103 79//103 39//103
f 77//104 79//104 78//104
f 79//105 81//105 37//105
f 80//106 81//106 79//106
f 80//107 82//107 81//107
f 81//108 82//108 37//108
f 37//109 83//109 35//109
f 84//110 83//110 80//110
f 80//111 83//111 82//111
f 82//112 83//112 37//112
f 84//113 85//113 83//113
f 83//114 85//114 35//114
f 35//115 86//115 34//115
f 87//116 86//116 84//116
f 85//117 86//117 35//117
f 84//118 86//118 85//118
f 86//119 88//119 34//119
f 87//120 88//120 86//120
f 34//121 89//121 31//121
f 90//122 89//122 87//122
f 88//123 89//123 34//123
f 87//124 89//124 88//124
f 89//125 91//125 31//125
f 90//126 91//126 89//126
f 91//127 92//127 31//127
f 90//128 92//128 91//128
f 31//129 93//129 30//129
f 94//130 93//130 90//130
f 92//131 93//131 31//131
f 90//132 93//132 92//132
f 93//133 95//133 30//133
f 94//134 95//134 93//134
f 95//135 96//135 30//135
f 30//136 96//136 27//136
f 97//137 96//137 94//137
f 94//138 96//138 95//138
f 96//139 98//139 27//139
f 97//140 98//140 96//140
f 98//141 99//141 27//141
f 97//142 99//142 98//142
f 97//143 100//143 99//143
f 27//144 100//144 25//144
f 99//145 100//145 27//145
f 101//146 100//146 97//146
f 100//147 102//147 25//147
f 101//148 102//148 100//148
f 101//149 103//149 102//149
f 25//150 103//150 23//150
f 102//151 103//151 25//151
f 104//152 103//152 101//152
f 103//153 105//153 23//153
f 104//154 105//154 103//154
f 104//155 106//155 105//155
f 105//156 106//156 23//156
f 104//157 107//157 106//157
f 106//158 107//158 23//158
f 23//159 107//159 21//159
f 108//160 107//160 104//160
f 107//161 109//161 21//161
f 108//162 109//162 107//162
f 21//163 110//163 20//163
f 108//164 110//164 109//164
f 109//165 110//165 21//165
f 111//166 110//166 108//166
f 111//167 112//167 110//167
f 110//168 112//168 20//168
f 20//169 113//169 17//169
f 111//170 113//170 112//170
f 112//171 113//171 20//171
f 114//172 113//172 111//172
f 114//173 115//173 113//173
f 113//174 115//174 17//174
f 114//175 116//175 115//175
f 115//176 116//176 17//176
f 17//177 117//177 16//177
f 116//178 117//178 17//178
f 114//179 117//179 116//179
f 118//180 117//180 114//180
f 117//181 119//181 16//181
f 118//182 119//182 117//182
f 16//183 120//183 13//183
f 119//184 120//184 16//184
f 118//185 120//185 119//185
f 121//186 120//186 118//186
f 120//187 122//187 13//187
f 121//188 122//188 120//188
f 122//189 123//189 13//189
f 121//190 123//190 122//190
f 13//191 124//191 11//191
f 123//192 124//192 13//192
f 125//193 124//193 121//193
f 121//194 124//194 123//194
f 124//195 126//195 11//195
f 125//196 126//196 124//196
f 11//197 127//197 9//197
f 126//198 127//198 11//198
f 128//199 127//199 125//199
f 125//200 127//200 126//200
f 127//201 129//201 9//201
f 128//202 129//202 127//202
f 129//203 130//203 9//203
f 128//204 130//204 129//204
f 9//205 131//205 8//205
f 132//206 131//206 128//206
f 130//207 131//207 9//207
f 128//208 131//208 130//208
f 131//209 133//209 8//209
f 132//210 133//210 131//210
f 8//211 134//211 5//211
f 135//212 134//212 132//212
f 133//213 134//213 8//213
f 132//214 134//214 133//214
f 134//215 136//215 5//215
f 135//216 136//216 134//216
f 5//217 137//217 1//217
f 138//218 137//218 135//218
f 136//219 137//219 5//219
f 135//220 137//220 136//220
f 137//221 139//221 1//221
f 138//222 139//222 137//222
f 139//223 140//223 1//223
f 138//224 140//224 139//224
f 1//225 141//225 2//225
f 2//226 141//226 53//226
f 53//227 141//227 55//227
f 55//228 141//228 138//228
f 140//229 141//229 1//229
f 138//230 141//230 140//230
f 142//231 143//231 144//231
f 142//232 144//232 145//232
f 146//233 145//233 147//233
f 146//234 142//234 145//234
f 148//235 142//235 146//235
f 149//236 150//236 151//236
f 149//237 151//237 152//237
f 153//238 148//238 146//238
f 154//239 155//239 156//239
f 157//240 148//240 153//240
f 158//241 157//241 153//241
f 159//242 155//242 154//242
f 159//243 160//243 161//243
f 159//244 161//244 155//244
f 162//245 163//245 149//245
f 162//246 152//246 164//246
f 162//247 149//247 152//247
f 165//248 157//248 158//248
f 166//249 157//249 165//249
f 167//250 159//250 154//250
f 167//251 154//251 168//251
f 169//252 170//252 163//252
f 169//253 163//253 162//253
f 171//254 170//254 169//254
f 172//255 167//255 168//255
f 172//256 168//256 173//256
f 174//257 175//257 170//257
f 174//258 170//258 171//258
f 176//259 172//259 173//259
f 176//260 173//260 177//260
f 176//261 177//261 178//261
f 179//262 165//262 180//262
f 179//263 180//263 181//263
f 179//264 181//264 182//264
f 179//265 182//265 183//265
f 179//266 183//266 184//266
f 179//267 184//267 185//267
f 179//268 166//268 165//268
f 179//269 186//269 187//269
f 179//270 187//270 188//270
f 179//271 188//271 189//271
f 179//272 189//272 190//272
f 179//273 190//273 191//273
f 179//274 191//274 192//274
f 179//275 192//275 193//275
f 179//276 193//276 166//276
f 194//277 195//277 196//277
f 197//278 198//278 199//278
f 200//279 195//279 194//279
f 201//280 202//280 175//280
f 201//281 175//281 174//281
f 203//282 176//282 178//282
f 204//283 205//283 202//283
f 204//284 202//284 201//284
f 206//285 203//285 178//285
f 206//286 178//286 207//286
f 208//287 209//287 205//287
f 208//288 205//288 204//288
f 210//289 207//289 211//289
f 210//290 211//290 212//290
f 210//291 206//291 207//291
f 213//292 209//292 208//292
f 213//293 214//293 209//293
f 215//294 210//294 212//294
f 216//295 217//295 214//295
f 216//296 214//296 213//296
f 218//297 215//297 212//297
f 218//298 212//298 219//298
f 220//299 218//299 219//299
f 220//300 219//300 221//300
f 222//301 220//301 221//301
f 222//302 221//302 223//302
f 224//303 185//303 225//303
f 224//304 225//304 226//304
f 224//305 226//305 227//305
f 224//306 227//306 228//306
f 224//307 228//307 229//307
f 224//308 229//308 230//308
f 224//309 230//309 231//309
f 224//310 231//310 217//310
f 224//311 216//311 232//311
f 224//312 232//312 233//312
f 224//313 179//313 185//313
f 224//314 217//314 216//314
f 234//315 224//315 233//315
f 235//316 236//316 237//316
f 235//317 237//317 198//317
f 235//318 198//318 197//318
f 238//319 239//319 195//319
f 238//320 200//320 240//320
f 238//321 195//321 200//321
f 241//322 197//322 242//322
f 241//323 235//323 197//323
f 243//324 244//324 239//324
f 243//325 239//325 238//325
f 245//326 244//326 243//326
f 246//327 241//327 242//327
f 246//328 242//328 247//328
f 248//329 249//329 244//329
f 248//330 244//330 245//330
f 250//331 247//331 251//331
f 250//332 246//332 247//332
f 252//333 253//333 249//333
f 252//334 249//334 248//334
f 254//335 250//335 251//335
f 254//336 251//336 255//336
f 256//337 253//337 252//337
f 256//338 257//338 253//338
f 258//339 254//339 255//339
f 258//340 255//340 259//340
f 260//341 261//341 257//341
f 260//342 257//342 256//342
f 262//343 259//343 263//343
f 262//344 258//344 259//344
f 264//345 265//345 261//345
f 264//346 261//346 260//346
f 266//347 262//347 263//347
f 266//348 263//348 267//348
f 268//349 265//349 264//349
f 268//350 269//350 265//350
f 270//351 267//351 271//351
f 270//352 266//352 267//352
f 272//353 273//353 269//353
f 272//354 269//354 268//354
f 274//355 271//355 275//355
f 274//356 270//356 271//356
f 276//357 273//357 272//357
f 276//358 277//358 273//358
f 278//359 275//359 279//359
f 278//360 274//360 275//360
f 280//361 281//361 282//361
f 283//362 284//362 285//362
f 286//363 284//363 283//363
f 287//364 288//364 289//364
f 287//365 289//365 280//365
f 287//366 280//366 282//366
f 290//367 284//367 286//367
f 290//368 291//368 284//368
f 290//369 286//369 292//369
f 293//370 282//370 294//370
f 293//371 287//371 282//371
f 36//372 33//372 224//372
f 295//373 291//373 290//373
f 295//374 296//374 291//374
f 32//375 224//375 33//375
f 38//376 224//376 234//376
f 38//377 36//377 224//377
f 297//378 294//378 298//378
f 297//379 293//379 294//379
f 299//380 296//380 295//380
f 300//381 298//381 301//381
f 300//382 297//382 298//382
f 302//383 296//383 299//383
f 302//384 303//384 296//384
f 40//385 234//385 304//385
f 40//386 304//386 305//386
f 40//387 305//387 306//387
f 40//388 306//388 277//388
f 40//389 38//389 234//389
f 307//390 300//390 301//390
f 307//391 301//391 308//391
f 307//392 308//392 309//392
f 310//393 303//393 302//393
f 310//394 311//394 303//394
f 312//395 307//395 309//395
f 313//396 311//396 310//396
f 313//397 314//397 315//397
f 313//398 315//398 311//398
f 316//399 312//399 309//399
f 316//400 309//400 317//400
f 318//401 314//401 313//401
f 319//402 317//402 320//402
f 319//403 316//403 317//403
f 321//404 314//404 318//404
f 321//405 322//405 314//405
f 323//406 319//406 320//406
f 323//407 320//407 324//407
f 325//408 322//408 321//408
f 325//409 326//409 322//409
f 327//410 323//410 324//410
f 327//411 324//411 328//411
f 329//412 328//412 330//412
f 329//413 327//413 328//413
f 42//414 277//414 276//414
f 42//415 40//415 277//415
f 42//416 276//416 331//416
f 42//417 331//417 332//417
f 42//418 332//418 333//418
f 42//419 333//419 334//419
f 44//420 42//420 334//420
f 335//421 325//421 336//421
f 335//422 336//422 337//422
f 335//423 337//423 338//423
f 335//424 338//424 339//424
f 335//425 339//425 340//425
f 335//426 340//426 341//426
f 335//427 341//427 342//427
f 335//428 342//428 343//428
f 335//429 326//429 325//429
f 335//430 44//430 334//430
f 335//431 334//431 344//431
f 335//432 344//432 345//432
f 335//433 345//433 326//433
f 46//434 44//434 335//434
f 346//435 347//435 348//435
f 349//436 350//436 351//436
f 352//437 343//437 353//437
f 352//438 353//438 354//438
f 352//439 354//439 355//439
f 352//440 355//440 356//440
f 352//441 356//441 357//441
f 352//442 357//442 358//442
f 352//443 335//443 343//443
f 359//444 360//444 361//444
f 359//445 361//445 362//445
f 359//446 362//446 363//446
f 359//447 363//447 364//447
f 359//448 364//448 365//448
f 359//449 365//449 366//449
f 359//450 366//450 367//450
f 359//451 367//451 368//451
f 369//452 350//452 349//452
f 48//453 46//453 335//453
f 370//454 371//454 372//454
f 370//455 372//455 346//455
f 370//456 346//456 348//456
f 373//457 374//457 350//457
f 373//458 369//458 375//458
f 373//459 350//459 369//459
f 376//460 370//460 348//460
f 376//461 348//461 377//461
f 378//462 379//462 374//462
f 378//463 374//463 373//463
f 49//464 48//464 335//464
f 380//465 379//465 378//465
f 381//466 376//466 377//466
f 381//467 377//467 382//467
f 383//468 359//468 384//468
f 385//469 386//469 352//469
f 387//470 352//470 386//470
f 388//471 384//471 359//471
f 389//472 358//472 379//472
f 389//473 379//473 380//473
f 389//474 385//474 352//474
f 389//475 352//475 358//475
f 390//476 360//476 359//476
f 390//477 381//477 382//477
f 390//478 359//478 383//478
f 390//479 382//479 360//479
f 391//480 388//480 359//480
f 392//481 352//481 387//481
f 393//482 352//482 392//482
f 394//483 391//483 359//483
f 395//484 24//484 22//484
f 395//485 22//485 19//485
f 396//486 352//486 393//486
f 397//487 394//487 359//487
f 397//488 359//488 395//488
f 18//489 395//489 19//489
f 398//490 352//490 396//490
f 399//491 397//491 395//491
f 400//492 399//492 395//492
f 401//493 352//493 398//493
f 402//494 400//494 395//494
f 403//495 402//495 395//495
f 404//496 403//496 395//496
f 405//497 404//497 395//497
f 406//498 405//498 395//498
f 407//499 406//499 395//499
f 408//500 409//500 410//500
f 411//501 412//501 413//501
f 414//502 415//502 416//502
f 417//503 418//503 419//503
f 417//504 420//504 418//504
f 421//505 416//505 422//505
f 421//506 414//506 416//506
f 423//507 419//507 418//507
f 423//508 418//508 424//508
f 425//509 415//509 414//509
f 426//510 420//510 417//510
f 426//511 427//511 420//511
f 428//512 407//512 395//512
f 428//513 422//513 407//513
f 428//514 421//514 422//514
f 429//515 424//515 430//515
f 429//516 423//516 424//516
f 431//517 432//517 415//517
f 431//518 415//518 425//518
f 433//519 427//519 426//519
f 433//520 434//520 427//520
f 435//521 428//521 395//521
f 436//522 434//522 433//522
f 436//523 437//523 434//523
f 438//524 435//524 395//524
f 439//525 409//525 408//525
f 440//526 395//526 18//526
f 440//527 438//527 395//527
f 440//528 18//528 15//528
f 441//529 430//529 442//529
f 441//530 429//530 430//530
f 443//531 444//531 432//531
f 443//532 432//532 431//532
f 445//533 440//533 15//533
f 446//534 441//534 442//534
f 446//535 442//535 447//535
f 448//536 444//536 443//536
f 448//537 449//537 450//537
f 448//538 450//538 444//538
f 451//539 446//539 447//539
f 451//540 447//540 452//540
f 453//541 411//541 413//541
f 453//542 454//542 455//542
f 453//543 455//543 411//543
f 456//544 449//544 448//544
f 456//545 453//545 413//545
f 456//546 413//546 449//546
f 457//547 409//547 439//547
f 457//548 451//548 452//548
f 457//549 452//549 409//549
f 457//550 439//550 458//550
f 459//551 445//551 15//551
f 460//552 459//552 15//552
f 461//553 460//553 15//553
f 461//554 15//554 14//554
f 462//555 463//555 464//555
f 465//556 466//556 467//556
f 468//557 463//557 462//557
f 468//558 469//558 470//558
f 468//559 470//559 463//559
f 471//560 465//560 467//560
f 471//561 467//561 472//561
f 471//562 472//562 461//562
f 473//563 466//563 465//563
f 474//564 462//564 464//564
f 475//565 469//565 468//565
f 476//566 471//566 461//566
f 476//567 461//567 14//567
f 477//568 464//568 478//568
f 477//569 478//569 479//569
f 477//570 474//570 464//570
f 480//571 481//571 466//571
f 480//572 466//572 473//572
f 482//573 476//573 14//573
f 483//574 481//574 480//574
f 483//575 484//575 485//575
f 483//576 485//576 481//576
f 486//577 477//577 479//577
f 487//578 486//578 479//578
f 487//579 479//579 488//579
f 489//580 484//580 483//580
f 490//581 482//581 14//581
f 491//582 490//582 14//582
f 492//583 14//583 12//583
f 492//584 491//584 14//584
f 493//585 12//585 10//585
f 493//586 10//586 7//586
f 493//587 7//587 6//587
f 493//588 492//588 12//588
f 494//589 492//589 493//589
f 495//590 494//590 493//590
f 496//591 488//591 497//591
f 496//592 497//592 498//592
f 496//593 487//593 488//593
f 499//594 500//594 484//594
f 499//595 484//595 489//595
f 501//596 495//596 493//596
f 502//597 500//597 499//597
f 502//598 503//598 504//598
f 502//599 504//599 500//599
f 505//600 496//600 498//600
f 506//601 498//601 507//601
f 506//602 505//602 498//602
f 508//603 509//603 510//603
f 511//604 512//604 513//604
f 514//605 510//605 503//605
f 514//606 503//606 502//606
f 515//607 507//607 512//607
f 515//608 506//608 507//608
f 516//609 515//609 512//609
f 516//610 512//610 511//610
f 517//611 518//611 508//611
f 517//612 508//612 510//612
f 517//613 510//613 514//613
f 519//614 520//614 521//614
f 519//615 522//615 520//615
f 523//616 493//616 524//616
f 525//617 524//617 493//617
f 526//618 515//618 516//618
f 527//619 518//619 517//619
f 528//620 501//620 493//620
f 528//621 493//621 523//621
f 529//622 521//622 530//622
f 529//623 519//623 521//623
f 531//624 525//624 493//624
f 532//625 531//625 493//625
f 533//626 529//626 530//626
f 533//627 530//627 534//627
f 533//628 534//628 535//628
f 536//629 537//629 501//629
f 536//630 501//630 528//630
f 538//631 532//631 493//631
f 539//632 538//632 493//632
f 540//633 541//633 542//633
f 543//634 544//634 537//634
f 543//635 537//635 536//635
f 545//636 535//636 546//636
f 545//637 533//637 535//637
f 547//638 539//638 493//638
f 547//639 493//639 541//639
f 548//640 541//640 540//640
f 549//641 550//641 544//641
f 549//642 544//642 543//642
f 551//643 545//643 546//643
f 551//644 546//644 552//644
f 553//645 547//645 541//645
f 554//646 541//646 548//646
f 555//647 553//647 541//647
f 556//648 541//648 554//648
f 557//649 551//649 552//649
f 558//650 559//650 550//650
f 558//651 550//651 549//651
f 560//652 541//652 556//652
f 561//653 555//653 541//653
f 562//654 561//654 541//654
f 563//655 541//655 560//655
f 564//656 562//656 541//656
f 565//657 541//657 563//657
f 566//658 557//658 552//658
f 566//659 552//659 567//659
f 568//660 569//660 559//660
f 568//661 559//661 558//661
f 570//662 564//662 541//662
f 571//663 541//663 565//663
f 571//664 570//664 541//664
f 572//665 567//665 573//665
f 572//666 566//666 567//666
f 574//667 575//667 576//667
f 574//668 576//668 569//668
f 574//669 569//669 568//669
f 577//670 573//670 578//670
f 577//671 572//671 573//671
f 579//672 580//672 570//672
f 579//673 570//673 571//673
f 581//674 575//674 574//674
f 581//675 582//675 575//675
f 583//676 578//676 584//676
f 583//677 577//677 578//677
f 585//678 580//678 579//678
f 586//679 582//679 581//679
f 587//680 584//680 588//680
f 589//681 582//681 586//681
f 589//682 590//682 582//682
f 591//683 585//683 579//683
f 592//684 584//684 587//684
f 592//685 583//685 584//685
f 593//686 589//686 586//686
f 594//687 585//687 591//687
f 595//688 583//688 592//688
f 596//689 593//689 586//689
f 597//690 594//690 591//690
f 598//691 597//691 599//691
f 600//692 594//692 597//692
f 600//693 597//693 598//693
f 600//694 601//694 594//694
f 179//695 359//695 368//695
f 179//696 368//696 602//696
f 179//697 602//697 603//697
f 179//698 603//698 604//698
f 179//699 604//699 329//699
f 179//700 329//700 186//700
f 186//701 329//701 605//701
f 605//702 329//702 606//702
f 606//703 329//703 607//703
f 607//704 329//704 223//704
f 223//705 329//705 222//705
f 222//706 329//706 608//706
f 608//707 329//707 609//707
f 609//708 329//708 610//708
f 610//709 329//709 611//709
f 611//710 329//710 279//710
f 279//711 329//711 612//711
f 612//712 329//712 613//712
f 613//713 329//713 614//713
f 614//714 329//714 615//714
f 615//715 329//715 330//715
f 279//716 612//716 278//716
f 395//717 224//717 28//717
f 28//718 224//718 29//718
f 29//719 224//719 32//719
f 395//720 28//720 26//720
f 395//721 26//721 24//721
f 335//722 493//722 3//722
f 3//723 493//723 4//723
f 4//724 493//724 6//724
f 335//725 3//725 52//725
f 335//726 52//726 49//726
f 541//727 352//727 401//727
f 541//728 401//728 616//728
f 541//729 616//729 617//729
f 541//730 617//730 618//730
f 541//731 618//731 437//731
f 541//732 437//732 542//732
f 542//733 437//733 619//733
f 619//734 437//734 620//734
f 620//735 437//735 621//735
f 621//736 437//736 522//736
f 522//737 437//737 436//737
f 522//738 436//738 622//738
f 522//739 622//739 623//739
f 522//740 623//740 624//740
f 522//741 624//741 625//741
f 522//742 625//742 469//742
f 522//743 469//743 626//743
f 626//744 469//744 627//744
f 627//745 469//745 628//745
f 628//746 469//746 629//746
f 629//747 469//747 475//747
f 522//748 626//748 520//748
f 630//749 84//749 631//749
f 87//750 84//750 630//750
f 632//751 90//751 630//751
f 630//752 90//752 87//752
f 631//753 80//753 633//753
f 84//754 80//754 631//754
f 634//755 94//755 632//755
f 632//756 94//756 90//756
f 633//757 77//757 635//757
f 80//758 77//758 633//758
f 636//759 97//759 634//759
f 634//760 97//760 94//760
f 635//761 73//761 637//761
f 77//762 73//762 635//762
f 638//763 101//763 636//763
f 636//764 101//764 97//764
f 637//765 70//765 639//765
f 73//766 70//766 637//766
f 638//767 640//767 101//767
f 640//768 104//768 101//768
f 639//769 66//769 641//769
f 70//770 66//770 639//770
f 640//771 108//771 104//771
f 642//772 108//772 640//772
f 66//773 643//773 641//773
f 63//774 643//774 66//774
f 108//775 644//775 111//775
f 642//776 644//776 108//776
f 63//777 645//777 643//777
f 60//778 645//778 63//778
f 644//779 646//779 111//779
f 111//780 646//780 114//780
f 60//781 56//781 645//781
f 56//782 647//782 645//782
f 646//783 648//783 114//783
f 114//784 648//784 118//784
f 56//785 649//785 647//785
f 55//786 649//786 56//786
f 648//787 121//787 118//787
f 648//788 650//788 121//788
f 55//789 651//789 649//789
f 138//790 651//790 55//790
f 650//791 652//791 121//791
f 121//792 652//792 125//792
f 138//793 653//793 651//793
f 135//794 653//794 138//794
f 135//795 132//795 653//795
f 652//796 654//796 125//796
f 125//797 654//797 128//797
f 128//798 655//798 132//798
f 654//799 655//799 128//799
f 132//800 655//800 653//800
f 656//801 657//801 488//801
f 488//802 657//802 497//802
f 658//803 659//803 625//803
f 625//804 659//804 469//804
f 469//805 660//805 470//805
f 659//806 660//806 469//806
f 470//807 661//807 463//807
f 463//808 661//808 464//808
f 660//809 661//809 470//809
f 661//810 662//810 464//810
f 464//811 663//811 478//811
f 662//812 663//812 464//812
f 478//813 664//813 479//813
f 479//814 664//814 488//814
f 663//815 664//815 478//815
f 664//816 656//816 488//816
f 657//817 665//817 497//817
f 497//818 665//818 498//818
f 666//819 667//819 622//819
f 622//820 667//820 623//820
f 623//821 668//821 624//821
f 667//822 668//822 623//822
f 624//823 658//823 625//823
f 668//824 658//824 624//824
f 669//825 670//825 665//825
f 513//826 671//826 672//826
f 672//827 671//827 670//827
f 665//828 671//828 498//828
f 498//829 671//829 507//829
f 507//830 671//830 512//830
f 512//831 671//831 513//831
f 670//832 671//832 665//832
f 673//833 674//833 429//833
f 429//834 674//834 423//834
f 423//835 675//835 419//835
f 674//836 675//836 423//836
f 419//837 676//837 417//837
f 417//838 676//838 426//838
f 675//839 676//839 419//839
f 676//840 677//840 426//840
f 426//841 678//841 433//841
f 677//842 678//842 426//842
f 433//843 679//843 436//843
f 678//844 679//844 433//844
f 436//845 666//845 622//845
f 679//846 666//846 436//846
f 672//847 680//847 513//847
f 513//848 680//848 511//848
f 511//849 681//849 516//849
f 680//850 681//850 511//850
f 516//851 682//851 526//851
f 681//852 682//852 516//852
f 683//853 673//853 441//853
f 441//854 673//854 429//854
f 684//855 685//855 686//855
f 682//856 687//856 526//856
f 526//857 687//857 515//857
f 515//858 687//858 506//858
f 506//859 687//859 505//859
f 505//860 687//860 685//860
f 686//861 687//861 682//861
f 685//862 687//862 686//862
f 688//863 683//863 446//863
f 446//864 683//864 441//864
f 685//865 689//865 505//865
f 505//866 689//866 496//866
f 690//867 688//867 691//867
f 692//868 693//868 458//868
f 458//869 693//869 457//869
f 457//870 693//870 451//870
f 451//871 693//871 446//871
f 446//872 693//872 688//872
f 691//873 693//873 692//873
f 688//874 693//874 691//874
f 689//875 694//875 496//875
f 496//876 694//876 487//876
f 695//877 696//877 410//877
f 410//878 696//878 408//878
f 408//879 697//879 439//879
f 696//880 697//880 408//880
f 439//881 692//881 458//881
f 697//882 692//882 439//882
f 694//883 698//883 487//883
f 487//884 698//884 486//884
f 486//885 699//885 477//885
f 698//886 699//886 486//886
f 477//887 700//887 474//887
f 699//888 700//888 477//888
f 474//889 701//889 462//889
f 700//890 701//890 474//890
f 462//891 702//891 468//891
f 701//892 702//892 462//892
f 468//893 703//893 475//893
f 702//894 703//894 468//894
f 475//895 704//895 629//895
f 703//896 704//896 475//896
f 705//897 706//897 707//897
f 410//898 708//898 695//898
f 695//899 708//899 706//899
f 707//900 708//900 447//900
f 447//901 708//901 452//901
f 452//902 708//902 409//902
f 409//903 708//903 410//903
f 706//904 708//904 707//904
f 704//905 709//905 629//905
f 629//906 709//906 628//906
f 628//907 710//907 627//907
f 709//908 710//908 628//908
f 627//909 711//909 626//909
f 710//910 711//910 627//910
f 712//911 707//911 442//911
f 442//912 707//912 447//912
f 711//913 713//913 626//913
f 626//914 713//914 520//914
f 520//915 714//915 521//915
f 713//916 714//916 520//916
f 521//917 715//917 530//917
f 714//918 715//918 521//918
f 530//919 716//919 534//919
f 715//920 716//920 530//920
f 534//921 717//921 535//921
f 716//922 717//922 534//922
f 535//923 718//923 546//923
f 717//924 718//924 535//924
f 546//925 719//925 552//925
f 718//926 719//926 546//926
f 720//927 712//927 430//927
f 430//928 712//928 442//928
f 719//929 721//929 552//929
f 552//930 721//930 567//930
f 722//931 723//931 618//931
f 618//932 723//932 437//932
f 437//933 724//933 434//933
f 434//934 724//934 427//934
f 723//935 724//935 437//935
f 724//936 725//936 427//936
f 427//937 726//937 420//937
f 725//938 726//938 427//938
f 420//939 727//939 418//939
f 418//940 727//940 424//940
f 726//941 727//941 420//941
f 727//942 728//942 424//942
f 424//943 720//943 430//943
f 728//944 720//944 424//944
f 721//945 729//945 567//945
f 567//946 729//946 573//946
f 730//947 731//947 401//947
f 401//948 731//948 616//948
f 616//949 732//949 617//949
f 731//950 732//950 616//950
f 617//951 722//951 618//951
f 732//952 722//952 617//952
f 733//953 734//953 729//953
f 588//954 735//954 736//954
f 736//955 735//955 734//955
f 729//956 735//956 573//956
f 573//957 735//957 578//957
f 578//958 735//958 584//958
f 584//959 735//959 588//959
f 734//960 735//960 729//960
f 737//961 738//961 385//961
f 385//962 738//962 386//962
f 386//963 739//963 387//963
f 738//964 739//964 386//964
f 387//965 740//965 392//965
f 739//966 740//966 387//966
f 392//967 741//967 393//967
f 740//968 741//968 392//968
f 393//969 742//969 396//969
f 741//970 742//970 393//970
f 396//971 743//971 398//971
f 742//972 743//972 396//972
f 398//973 730//973 401//973
f 743//974 730//974 398//974
f 736//975 744//975 588//975
f 588//976 744//976 587//976
f 587//977 745//977 592//977
f 592//978 745//978 595//978
f 744//979 745//979 587//979
f 745//980 746//980 595//980
f 747//981 737//981 389//981
f 389//982 737//982 385//982
f 748//983 749//983 750//983
f 746//984 751//984 595//984
f 595//985 751//985 583//985
f 583//986 751//986 577//986
f 577//987 751//987 572//987
f 572//988 751//988 749//988
f 750//989 751//989 746//989
f 749//990 751//990 750//990
f 752//991 747//991 380//991
f 380//992 747//992 389//992
f 749//993 753//993 572//993
f 572//994 753//994 566//994
f 754//995 752//995 755//995
f 756//996 757//996 375//996
f 375//997 757//997 373//997
f 373//998 757//998 378//998
f 378//999 757//999 380//999
f 380//1000 757//1000 752//1000
f 755//1001 757//1001 756//1001
f 752//1002 757//1002 755//1002
f 753//1003 758//1003 566//1003
f 566//1004 758//1004 557//1004
f 759//1005 760//1005 351//1005
f 351//1006 760//1006 349//1006
f 349//1007 761//1007 369//1007
f 760//1008 761//1008 349//1008
f 369//1009 756//1009 375//1009
f 761//1010 756//1010 369//1010
f 758//1011 762//1011 557//1011
f 557//1012 762//1012 551//1012
f 551//1013 763//1013 545//1013
f 762//1014 763//1014 551//1014
f 545//1015 764//1015 533//1015
f 763//1016 764//1016 545//1016
f 533//1017 765//1017 529//1017
f 764//1018 765//1018 533//1018
f 529//1019 766//1019 519//1019
f 765//1020 766//1020 529//1020
f 519//1021 767//1021 522//1021
f 766//1022 767//1022 519//1022
f 522//1023 768//1023 621//1023
f 767//1024 768//1024 522//1024
f 769//1025 770//1025 771//1025
f 351//1026 772//1026 759//1026
f 759//1027 772//1027 770//1027
f 771//1028 772//1028 379//1028
f 379//1029 772//1029 374//1029
f 374//1030 772//1030 350//1030
f 350//1031 772//1031 351//1031
f 770//1032 772//1032 771//1032
f 768//1033 773//1033 621//1033
f 621//1034 773//1034 620//1034
f 620//1035 774//1035 619//1035
f 773//1036 774//1036 620//1036
f 619//1037 775//1037 542//1037
f 774//1038 775//1038 619//1038
f 776//1039 771//1039 358//1039
f 358//1040 771//1040 379//1040
f 775//1041 777//1041 542//1041
f 542//1042 777//1042 540//1042
f 540//1043 778//1043 548//1043
f 548//1044 778//1044 554//1044
f 777//1045 778//1045 540//1045
f 778//1046 779//1046 554//1046
f 554//1047 780//1047 556//1047
f 779//1048 780//1048 554//1048
f 556//1049 781//1049 560//1049
f 780//1050 781//1050 556//1050
f 560//1051 782//1051 563//1051
f 781//1052 782//1052 560//1052
f 563//1053 783//1053 565//1053
f 782//1054 783//1054 563//1054
f 784//1055 776//1055 357//1055
f 357//1056 776//1056 358//1056
f 783//1057 785//1057 565//1057
f 565//1058 785//1058 571//1058
f 786//1059 787//1059 341//1059
f 341//1060 787//1060 342//1060
f 342//1061 788//1061 343//1061
f 787//1062 788//1062 342//1062
f 343//1063 789//1063 353//1063
f 353//1064 789//1064 354//1064
f 788//1065 789//1065 343//1065
f 789//1066 790//1066 354//1066
f 354//1067 791//1067 355//1067
f 790//1068 791//1068 354//1068
f 355//1069 792//1069 356//1069
f 791//1070 792//1070 355//1070
f 356//1071 784//1071 357//1071
f 792//1072 784//1072 356//1072
f 785//1073 793//1073 571//1073
f 571//1074 793//1074 579//1074
f 794//1075 795//1075 338//1075
f 338//1076 795//1076 339//1076
f 339//1077 796//1077 340//1077
f 795//1078 796//1078 339//1078
f 340//1079 786//1079 341//1079
f 796//1080 786//1080 340//1080
f 797//1081 798//1081 793//1081
f 599//1082 799//1082 800//1082
f 800//1083 799//1083 798//1083
f 793//1084 799//1084 579//1084
f 579//1085 799//1085 591//1085
f 591//1086 799//1086 597//1086
f 597//1087 799//1087 599//1087
f 798//1088 799//1088 793//1088
f 801//1089 802//1089 310//1089
f 310//1090 802//1090 313//1090
f 313//1091 803//1091 318//1091
f 802//1092 803//1092 313//1092
f 318//1093 804//1093 321//1093
f 321//1094 804//1094 325//1094
f 803//1095 804//1095 318//1095
f 804//1096 805//1096 325//1096
f 325//1097 806//1097 336//1097
f 805//1098 806//1098 325//1098
f 336//1099 807//1099 337//1099
f 806//1100 807//1100 336//1100
f 337//1101 794//1101 338//1101
f 807//1102 794//1102 337//1102
f 800//1103 808//1103 599//1103
f 599//1104 808//1104 598//1104
f 598//1105 809//1105 600//1105
f 808//1106 809//1106 598//1106
f 600//1107 810//1107 601//1107
f 809//1108 810//1108 600//1108
f 811//1109 801//1109 302//1109
f 302//1110 801//1110 310//1110
f 812//1111 813//1111 814//1111
f 810//1112 815//1112 601//1112
f 601//1113 815//1113 594//1113
f 594//1114 815//1114 585//1114
f 585//1115 815//1115 580//1115
f 580//1116 815//1116 813//1116
f 814//1117 815//1117 810//1117
f 813//1118 815//1118 814//1118
f 816//1119 811//1119 299//1119
f 299//1120 811//1120 302//1120
f 813//1121 817//1121 580//1121
f 580//1122 817//1122 570//1122
f 818//1123 816//1123 819//1123
f 820//1124 821//1124 292//1124
f 292//1125 821//1125 290//1125
f 290//1126 821//1126 295//1126
f 295//1127 821//1127 299//1127
f 299//1128 821//1128 816//1128
f 819//1129 821//1129 820//1129
f 816//1130 821//1130 819//1130
f 817//1131 822//1131 570//1131
f 570//1132 822//1132 564//1132
f 823//1133 824//1133 285//1133
f 285//1134 824//1134 283//1134
f 283//1135 825//1135 286//1135
f 824//1136 825//1136 283//1136
f 286//1137 820//1137 292//1137
f 825//1138 820//1138 286//1138
f 822//1139 826//1139 564//1139
f 564//1140 826//1140 562//1140
f 562//1141 827//1141 561//1141
f 561//1142 827//1142 555//1142
f 826//1143 827//1143 562//1143
f 827//1144 828//1144 555//1144
f 555//1145 829//1145 553//1145
f 828//1146 829//1146 555//1146
f 553//1147 830//1147 547//1147
f 547//1148 830//1148 539//1148
f 829//1149 830//1149 553//1149
f 830//1150 831//1150 539//1150
f 539//1151 832//1151 538//1151
f 831//1152 832//1152 539//1152
f 833//1153 834//1153 835//1153
f 285//1154 836//1154 823//1154
f 823//1155 836//1155 834//1155
f 835//1156 836//1156 296//1156
f 296//1157 836//1157 291//1157
f 291//1158 836//1158 284//1158
f 284//1159 836//1159 285//1159
f 834//1160 836//1160 835//1160
f 832//1161 837//1161 538//1161
f 538//1162 837//1162 532//1162
f 532//1163 838//1163 531//1163
f 837//1164 838//1164 532//1164
f 531//1165 839//1165 525//1165
f 838//1166 839//1166 531//1166
f 840//1167 835//1167 303//1167
f 303//1168 835//1168 296//1168
f 839//1169 841//1169 525//1169
f 525//1170 841//1170 524//1170
f 524//1171 842//1171 523//1171
f 841//1172 842//1172 524//1172
f 523//1173 843//1173 528//1173
f 528//1174 843//1174 536//1174
f 842//1175 843//1175 523//1175
f 843//1176 844//1176 536//1176
f 536//1177 845//1177 543//1177
f 844//1178 845//1178 536//1178
f 543//1179 846//1179 549//1179
f 549//1180 846//1180 558//1180
f 845//1181 846//1181 543//1181
f 846//1182 847//1182 558//1182
f 848//1183 840//1183 311//1183
f 311//1184 840//1184 303//1184
f 847//1185 849//1185 558//1185
f 558//1186 849//1186 568//1186
f 850//1187 851//1187 334//1187
f 334//1188 851//1188 344//1188
f 344//1189 852//1189 345//1189
f 851//1190 852//1190 344//1190
f 345//1191 853//1191 326//1191
f 852//1192 853//1192 345//1192
f 326//1193 854//1193 322//1193
f 322//1194 854//1194 314//1194
f 853//1195 854//1195 326//1195
f 854//1196 855//1196 314//1196
f 314//1197 856//1197 315//1197
f 855//1198 856//1198 314//1198
f 315//1199 848//1199 311//1199
f 856//1200 848//1200 315//1200
f 849//1201 857//1201 568//1201
f 568//1202 857//1202 574//1202
f 858//1203 859//1203 331//1203
f 331//1204 859//1204 332//1204
f 332//1205 860//1205 333//1205
f 859//1206 860//1206 332//1206
f 333//1207 850//1207 334//1207
f 860//1208 850//1208 333//1208
f 861//1209 862//1209 857//1209
f 596//1210 863//1210 864//1210
f 864//1211 863//1211 862//1211
f 857//1212 863//1212 574//1212
f 574//1213 863//1213 581//1213
f 581//1214 863//1214 586//1214
f 586//1215 863//1215 596//1215
f 862//1216 863//1216 857//1216
f 865//1217 866//1217 252//1217
f 252//1218 866//1218 256//1218
f 256//1219 867//1219 260//1219
f 866//1220 867//1220 256//1220
f 260//1221 868//1221 264//1221
f 867//1222 868//1222 260//1222
f 264//1223 869//1223 268//1223
f 868//1224 869//1224 264//1224
f 268//1225 870//1225 272//1225
f 869//1226 870//1226 268//1226
f 272//1227 871//1227 276//1227
f 870//1228 871//1228 272//1228
f 276//1229 858//1229 331//1229
f 871//1230 858//1230 276//1230
f 864//1231 872//1231 596//1231
f 596//1232 872//1232 593//1232
f 593//1233 873//1233 589//1233
f 872//1234 873//1234 593//1234
f 589//1235 874//1235 590//1235
f 873//1236 874//1236 589//1236
f 875//1237 865//1237 248//1237
f 248//1238 865//1238 252//1238
f 876//1239 877//1239 878//1239
f 874//1240 879//1240 590//1240
f 590//1241 879//1241 582//1241
f 582//1242 879//1242 575//1242
f 575//1243 879//1243 576//1243
f 576//1244 879//1244 877//1244
f 878//1245 879//1245 874//1245
f 877//1246 879//1246 878//1246
f 880//1247 875//1247 245//1247
f 245//1248 875//1248 248//1248
f 877//1249 881//1249 576//1249
f 576//1250 881//1250 569//1250
f 882//1251 880//1251 883//1251
f 884//1252 885//1252 240//1252
f 240//1253 885//1253 238//1253
f 238//1254 885//1254 243//1254
f 243//1255 885//1255 245//1255
f 245//1256 885//1256 880//1256
f 883//1257 885//1257 884//1257
f 880//1258 885//1258 883//1258
f 881//1259 886//1259 569//1259
f 569//1260 886//1260 559//1260
f 887//1261 888//1261 196//1261
f 196//1262 888//1262 194//1262
f 194//1263 889//1263 200//1263
f 888//1264 889//1264 194//1264
f 200//1265 884//1265 240//1265
f 889//1266 884//1266 200//1266
f 886//1267 890//1267 559//1267
f 559//1268 890//1268 550//1268
f 550//1269 891//1269 544//1269
f 890//1270 891//1270 550//1270
f 544//1271 892//1271 537//1271
f 891//1272 892//1272 544//1272
f 537//1273 893//1273 501//1273
f 501//1274 893//1274 495//1274
f 892//1275 893//1275 537//1275
f 893//1276 894//1276 495//1276
f 495//1277 895//1277 494//1277
f 894//1278 895//1278 495//1278
f 494//1279 896//1279 492//1279
f 895//1280 896//1280 494//1280
f 897//1281 898//1281 899//1281
f 196//1282 900//1282 887//1282
f 887//1283 900//1283 898//1283
f 899//1284 900//1284 244//1284
f 244//1285 900//1285 239//1285
f 239//1286 900//1286 195//1286
f 195//1287 900//1287 196//1287
f 898//1288 900//1288 899//1288
f 896//1289 901//1289 492//1289
f 492//1290 901//1290 491//1290
f 491//1291 902//1291 490//1291
f 901//1292 902//1292 491//1292
f 490//1293 903//1293 482//1293
f 902//1294 903//1294 490//1294
f 904//1295 899//1295 249//1295
f 249//1296 899//1296 244//1296
f 903//1297 905//1297 482//1297
f 482//1298 905//1298 476//1298
f 476//1299 906//1299 471//1299
f 905//1300 906//1300 476//1300
f 471//1301 907//1301 465//1301
f 906//1302 907//1302 471//1302
f 465//1303 908//1303 473//1303
f 907//1304 908//1304 465//1304
f 473//1305 909//1305 480//1305
f 480//1306 909//1306 483//1306
f 908//1307 909//1307 473//1307
f 909//1308 910//1308 483//1308
f 483//1309 911//1309 489//1309
f 910//1310 911//1310 483//1310
f 912//1311 904//1311 253//1311
f 253//1312 904//1312 249//1312
f 911//1313 913//1313 489//1313
f 489//1314 913//1314 499//1314
f 914//1315 915//1315 306//1315
f 306//1316 915//1316 277//1316
f 277//1317 916//1317 273//1317
f 915//1318 916//1318 277//1318
f 273//1319 917//1319 269//1319
f 269//1320 917//1320 265//1320
f 916//1321 917//1321 273//1321
f 917//1322 918//1322 265//1322
f 265//1323 919//1323 261//1323
f 918//1324 919//1324 265//1324
f 261//1325 920//1325 257//1325
f 257//1326 920//1326 253//1326
f 919//1327 920//1327 261//1327
f 920//1328 912//1328 253//1328
f 913//1329 921//1329 499//1329
f 499//1330 921//1330 502//1330
f 922//1331 923//1331 234//1331
f 234//1332 923//1332 304//1332
f 304//1333 924//1333 305//1333
f 923//1334 924//1334 304//1334
f 305//1335 914//1335 306//1335
f 924//1336 914//1336 305//1336
f 925//1337 926//1337 921//1337
f 527//1338 927//1338 928//1338
f 928//1339 927//1339 926//1339
f 921//1340 927//1340 502//1340
f 502//1341 927//1341 514//1341
f 514//1342 927//1342 517//1342
f 517//1343 927//1343 527//1343
f 926//1344 927//1344 921//1344
f 929//1345 930//1345 201//1345
f 201//1346 930//1346 204//1346
f 204//1347 931//1347 208//1347
f 930//1348 931//1348 204//1348
f 208//1349 932//1349 213//1349
f 931//1350 932//1350 208//1350
f 213//1351 933//1351 216//1351
f 932//1352 933//1352 213//1352
f 216//1353 934//1353 232//1353
f 933//1354 934//1354 216//1354
f 232//1355 935//1355 233//1355
f 934//1356 935//1356 232//1356
f 233//1357 922//1357 234//1357
f 935//1358 922//1358 233//1358
f 928//1359 936//1359 527//1359
f 527//1360 936//1360 518//1360
f 518//1361 937//1361 508//1361
f 936//1362 937//1362 518//1362
f 508//1363 938//1363 509//1363
f 937//1364 938//1364 508//1364
f 939//1365 929//1365 174//1365
f 174//1366 929//1366 201//1366
f 940//1367 941//1367 942//1367
f 938//1368 943//1368 509//1368
f 509//1369 943//1369 510//1369
f 510//1370 943//1370 503//1370
f 503//1371 943//1371 504//1371
f 504//1372 943//1372 941//1372
f 942//1373 943//1373 938//1373
f 941//1374 943//1374 942//1374
f 944//1375 939//1375 171//1375
f 171//1376 939//1376 174//1376
f 941//1377 945//1377 504//1377
f 504//1378 945//1378 500//1378
f 946//1379 944//1379 947//1379
f 948//1380 949//1380 164//1380
f 164//1381 949//1381 162//1381
f 162//1382 949//1382 169//1382
f 169//1383 949//1383 171//1383
f 171//1384 949//1384 944//1384
f 947//1385 949//1385 948//1385
f 944//1386 949//1386 947//1386
f 945//1387 950//1387 500//1387
f 500//1388 950//1388 484//1388
f 951//1389 952//1389 150//1389
f 150//1390 952//1390 151//1390
f 151//1391 953//1391 152//1391
f 952//1392 953//1392 151//1392
f 152//1393 948//1393 164//1393
f 953//1394 948//1394 152//1394
f 950//1395 954//1395 484//1395
f 484//1396 954//1396 485//1396
f 485//1397 955//1397 481//1397
f 954//1398 955//1398 485//1398
f 481//1399 956//1399 466//1399
f 955//1400 956//1400 481//1400
f 466//1401 957//1401 467//1401
f 956//1402 957//1402 466//1402
f 467//1403 958//1403 472//1403
f 957//1404 958//1404 467//1404
f 472//1405 959//1405 461//1405
f 958//1406 959//1406 472//1406
f 461//1407 960//1407 460//1407
f 959//1408 960//1408 461//1408
f 961//1409 962//1409 963//1409
f 150//1410 964//1410 951//1410
f 951//1411 964//1411 962//1411
f 963//1412 964//1412 170//1412
f 170//1413 964//1413 163//1413
f 163//1414 964//1414 149//1414
f 149//1415 964//1415 150//1415
f 962//1416 964//1416 963//1416
f 960//1417 965//1417 460//1417
f 460//1418 965//1418 459//1418
f 459//1419 966//1419 445//1419
f 965//1420 966//1420 459//1420
f 445//1421 967//1421 440//1421
f 966//1422 967//1422 445//1422
f 968//1423 963//1423 175//1423
f 175//1424 963//1424 170//1424
f 967//1425 969//1425 440//1425
f 440//1426 969//1426 438//1426
f 438//1427 970//1427 435//1427
f 969//1428 970//1428 438//1428
f 435//1429 971//1429 428//1429
f 970//1430 971//1430 435//1430
f 428//1431 972//1431 421//1431
f 971//1432 972//1432 428//1432
f 421//1433 973//1433 414//1433
f 972//1434 973//1434 421//1434
f 414//1435 974//1435 425//1435
f 973//1436 974//1436 414//1436
f 425//1437 975//1437 431//1437
f 974//1438 975//1438 425//1438
f 976//1439 968//1439 202//1439
f 202//1440 968//1440 175//1440
f 975//1441 977//1441 431//1441
f 431//1442 977//1442 443//1442
f 978//1443 979//1443 229//1443
f 229//1444 979//1444 230//1444
f 230//1445 980//1445 231//1445
f 231//1446 980//1446 217//1446
f 979//1447 980//1447 230//1447
f 980//1448 981//1448 217//1448
f 217//1449 982//1449 214//1449
f 981//1450 982//1450 217//1450
f 214//1451 983//1451 209//1451
f 209//1452 983//1452 205//1452
f 982//1453 983//1453 214//1453
f 983//1454 984//1454 205//1454
f 205//1455 976//1455 202//1455
f 984//1456 976//1456 205//1456
f 977//1457 985//1457 443//1457
f 443//1458 985//1458 448//1458
f 986//1459 987//1459 226//1459
f 226//1460 987//1460 227//1460
f 227//1461 988//1461 228//1461
f 987//1462 988//1462 227//1462
f 228//1463 978//1463 229//1463
f 988//1464 978//1464 228//1464
f 989//1465 990//1465 985//1465
f 454//1466 991//1466 992//1466
f 992//1467 991//1467 990//1467
f 985//1468 991//1468 448//1468
f 448//1469 991//1469 456//1469
f 456//1470 991//1470 453//1470
f 453//1471 991//1471 454//1471
f 990//1472 991//1472 985//1472
f 993//1473 994//1473 180//1473
f 180//1474 994//1474 181//1474
f 181//1475 995//1475 182//1475
f 994//1476 995//1476 181//1476
f 182//1477 996//1477 183//1477
f 995//1478 996//1478 182//1478
f 183//1479 997//1479 184//1479
f 184//1480 997//1480 185//1480
f 996//1481 997//1481 183//1481
f 997//1482 998//1482 185//1482
f 185//1483 999//1483 225//1483
f 998//1484 999//1484 185//1484
f 225//1485 986//1485 226//1485
f 999//1486 986//1486 225//1486
f 992//1487 1000//1487 454//1487
f 454//1488 1000//1488 455//1488
f 455//1489 1001//1489 411//1489
f 1000//1490 1001//1490 455//1490
f 411//1491 1002//1491 412//1491
f 1001//1492 1002//1492 411//1492
f 1003//1493 993//1493 165//1493
f 165//1494 993//1494 180//1494
f 1004//1495 1005//1495 1006//1495
f 1002//1496 1007//1496 412//1496
f 412//1497 1007//1497 413//1497
f 413//1498 1007//1498 449//1498
f 449//1499 1007//1499 450//1499
f 450//1500 1007//1500 1005//1500
f 1006//1501 1007//1501 1002//1501
f 1005//1502 1007//1502 1006//1502
f 1008//1503 1003//1503 158//1503
f 158//1504 1003//1504 165//1504
f 1005//1505 1009//1505 450//1505
f 450//1506 1009//1506 444//1506
f 1010//1507 1008//1507 1011//1507
f 1012//1508 1013//1508 147//1508
f 147//1509 1013//1509 146//1509
f 146//1510 1013//1510 153//1510
f 153//1511 1013//1511 158//1511
f 158//1512 1013//1512 1008//1512
f 1011//1513 1013//1513 1012//1513
f 1008//1514 1013//1514 1011//1514
f 1009//1515 1014//1515 444//1515
f 444//1516 1014//1516 432//1516
f 1015//1517 1016//1517 143//1517
f 143//1518 1016//1518 144//1518
f 144//1519 1017//1519 145//1519
f 1016//1520 1017//1520 144//1520
f 145//1521 1012//1521 147//1521
f 1017//1522 1012//1522 145//1522
f 1014//1523 1018//1523 432//1523
f 432//1524 1018//1524 415//1524
f 415//1525 1019//1525 416//1525
f 416//1526 1019//1526 422//1526
f 1018//1527 1019//1527 415//1527
f 1019//1528 1020//1528 422//1528
f 422//1529 1021//1529 407//1529
f 1020//1530 1021//1530 422//1530
f 407//1531 1022//1531 406//1531
f 406//1532 1022//1532 405//1532
f 1021//1533 1022//1533 407//1533
f 1022//1534 1023//1534 405//1534
f 405//1535 1024//1535 404//1535
f 1023//1536 1024//1536 405//1536
f 1025//1537 1026//1537 1027//1537
f 143//1538 1028//1538 1015//1538
f 1015//1539 1028//1539 1026//1539
f 1027//1540 1028//1540 157//1540
f 157//1541 1028//1541 148//1541
f 148//1542 1028//1542 142//1542
f 142//1543 1028//1543 143//1543
f 1026//1544 1028//1544 1027//1544
f 1024//1545 1029//1545 404//1545
f 404//1546 1029//1546 403//1546
f 403//1547 1030//1547 402//1547
f 402//1548 1030//1548 400//1548
f 1029//1549 1030//1549 403//1549
f 1030//1550 1031//1550 400//1550
f 1032//1551 1027//1551 166//1551
f 166//1552 1027//1552 157//1552
f 1031//1553 1033//1553 400//1553
f 400//1554 1033//1554 399//1554
f 399//1555 1034//1555 397//1555
f 397//1556 1034//1556 394//1556
f 1033//1557 1034//1557 399//1557
f 1034//1558 1035//1558 394//1558
f 394//1559 1036//1559 391//1559
f 1035//1560 1036//1560 394//1560
f 391//1561 1037//1561 388//1561
f 388//1562 1037//1562 384//1562
f 1036//1563 1037//1563 391//1563
f 1037//1564 1038//1564 384//1564
f 384//1565 1039//1565 383//1565
f 1038//1566 1039//1566 384//1566
f 1040//1567 1032//1567 193//1567
f 193//1568 1032//1568 166//1568
f 1039//1569 1041//1569 383//1569
f 383//1570 1041//1570 390//1570
f 1042//1571 1043//1571 186//1571
f 186//1572 1043//1572 187//1572
f 187//1573 1044//1573 188//1573
f 188//1574 1044//1574 189//1574
f 1043//1575 1044//1575 187//1575
f 1044//1576 1045//1576 189//1576
f 189//1577 1046//1577 190//1577
f 1045//1578 1046//1578 189//1578
f 190//1579 1047//1579 191//1579
f 1046//1580 1047//1580 190//1580
f 191//1581 1048//1581 192//1581
f 1047//1582 1048//1582 191//1582
f 192//1583 1040//1583 193//1583
f 1048//1584 1040//1584 192//1584
f 1041//1585 1049//1585 390//1585
f 390//1586 1049//1586 381//1586
f 1050//1587 1051//1587 607//1587
f 607//1588 1051//1588 606//1588
f 606//1589 1052//1589 605//1589
f 605//1590 1052//1590 186//1590
f 1051//1591 1052//1591 606//1591
f 1052//1592 1042//1592 186//1592
f 1053//1593 1054//1593 1049//1593
f 371//1594 1055//1594 1056//1594
f 1056//1595 1055//1595 1054//1595
f 1049//1596 1055//1596 381//1596
f 381//1597 1055//1597 376//1597
f 376//1598 1055//1598 370//1598
f 370//1599 1055//1599 371//1599
f 1054//1600 1055//1600 1049//1600
f 1057//1601 1058//1601 178//1601
f 178//1602 1058//1602 207//1602
f 207//1603 1059//1603 211//1603
f 1058//1604 1059//1604 207//1604
f 211//1605 1060//1605 212//1605
f 1059//1606 1060//1606 211//1606
f 212//1607 1061//1607 219//1607
f 1060//1608 1061//1608 212//1608
f 219//1609 1062//1609 221//1609
f 1061//1610 1062//1610 219//1610
f 221//1611 1063//1611 223//1611
f 1062//1612 1063//1612 221//1612
f 223//1613 1050//1613 607//1613
f 1063//1614 1050//1614 223//1614
f 1056//1615 1064//1615 371//1615
f 371//1616 1064//1616 372//1616
f 372//1617 1065//1617 346//1617
f 1064//1618 1065//1618 372//1618
f 346//1619 1066//1619 347//1619
f 1065//1620 1066//1620 346//1620
f 1067//1621 1057//1621 177//1621
f 177//1622 1057//1622 178//1622
f 1068//1623 1069//1623 1070//1623
f 1066//1624 1071//1624 347//1624
f 347//1625 1071//1625 348//1625
f 348//1626 1071//1626 377//1626
f 377//1627 1071//1627 382//1627
f 382//1628 1071//1628 1069//1628
f 1070//1629 1071//1629 1066//1629
f 1069//1630 1071//1630 1070//1630
f 1072//1631 1067//1631 173//1631
f 173//1632 1067//1632 177//1632
f 1069//1633 1073//1633 382//1633
f 382//1634 1073//1634 360//1634
f 1074//1635 1072//1635 1075//1635
f 1076//1636 1077//1636 156//1636
f 156//1637 1077//1637 154//1637
f 154//1638 1077//1638 168//1638
f 168//1639 1077//1639 173//1639
f 173//1640 1077//1640 1072//1640
f 1075//1641 1077//1641 1076//1641
f 1072//1642 1077//1642 1075//1642
f 1073//1643 1078//1643 360//1643
f 360//1644 1078//1644 361//1644
f 1079//1645 1080//1645 160//1645
f 160//1646 1080//1646 161//1646
f 161//1647 1081//1647 155//1647
f 155//1648 1081//1648 156//1648
f 1080//1649 1081//1649 161//1649
f 1081//1650 1076//1650 156//1650
f 1078//1651 1082//1651 361//1651
f 361//1652 1082//1652 362//1652
f 362//1653 1083//1653 363//1653
f 1082//1654 1083//1654 362//1654
f 363//1655 1084//1655 364//1655
f 1083//1656 1084//1656 363//1656
f 364//1657 1085//1657 365//1657
f 1084//1658 1085//1658 364//1658
f 365//1659 1086//1659 366//1659
f 1085//1660 1086//1660 365//1660
f 366//1661 1087//1661 367//1661
f 1086//1662 1087//1662 366//1662
f 367//1663 1088//1663 368//1663
f 1087//1664 1088//1664 367//1664
f 1089//1665 1090//1665 1091//1665
f 160//1666 1092//1666 1079//1666
f 1079//1667 1092//1667 1090//1667
f 1091//1668 1092//1668 172//1668
f 172//1669 1092//1669 167//1669
f 167//1670 1092//1670 159//1670
f 159//1671 1092//1671 160//1671
f 1090//1672 1092//1672 1091//1672
f 1088//1673 1093//1673 368//1673
f 368//1674 1093//1674 602//1674
f 602//1675 1094//1675 603//1675
f 1093//1676 1094//1676 602//1676
f 603//1677 1095//1677 604//1677
f 1094//1678 1095//1678 603//1678
f 1096//1679 1091//1679 176//1679
f 176//1680 1091//1680 172//1680
f 1095//1681 1097//1681 604//1681
f 604//1682 1097//1682 329//1682
f 329//1683 1098//1683 327//1683
f 327//1684 1098//1684 323//1684
f 1097//1685 1098//1685 329//1685
f 1098//1686 1099//1686 323//1686
f 323//1687 1100//1687 319//1687
f 1099//1688 1100//1688 323//1688
f 319//1689 1101//1689 316//1689
f 316//1690 1101//1690 312//1690
f 1100//1691 1101//1691 319//1691
f 1101//1692 1102//1692 312//1692
f 312//1693 1103//1693 307//1693
f 1102//1694 1103//1694 312//1694
f 1104//1695 1096//1695 203//1695
f 203//1696 1096//1696 176//1696
f 1103//1697 1105//1697 307//1697
f 307//1698 1105//1698 300//1698
f 1106//1699 1107//1699 608//1699
f 608//1700 1107//1700 222//1700
f 222//1701 1108//1701 220//1701
f 1107//1702 1108//1702 222//1702
f 220//1703 1109//1703 218//1703
f 1108//1704 1109//1704 220//1704
f 218//1705 1110//1705 215//1705
f 1109//1706 1110//1706 218//1706
f 215//1707 1111//1707 210//1707
f 1110//1708 1111//1708 215//1708
f 210//1709 1112//1709 206//1709
f 1111//1710 1112//1710 210//1710
f 206//1711 1104//1711 203//1711
f 1112//1712 1104//1712 206//1712
f 1105//1713 1113//1713 300//1713
f 300//1714 1113//1714 297//1714
f 1114//1715 1115//1715 611//1715
f 611//1716 1115//1716 610//1716
f 610//1717 1116//1717 609//1717
f 1115//1718 1116//1718 610//1718
f 609//1719 1106//1719 608//1719
f 1116//1720 1106//1720 609//1720
f 1117//1721 1118//1721 1113//1721
f 288//1722 1119//1722 1120//1722
f 1120//1723 1119//1723 1118//1723
f 1113//1724 1119//1724 297//1724
f 297//1725 1119//1725 293//1725
f 293//1726 1119//1726 287//1726
f 287//1727 1119//1727 288//1727
f 1118//1728 1119//1728 1113//1728
f 1121//1729 1122//1729 255//1729
f 255//1730 1122//1730 259//1730
f 259//1731 1123//1731 263//1731
f 1122//1732 1123//1732 259//1732
f 263//1733 1124//1733 267//1733
f 1123//1734 1124//1734 263//1734
f 267//1735 1125//1735 271//1735
f 1124//1736 1125//1736 267//1736
f 271//1737 1126//1737 275//1737
f 1125//1738 1126//1738 271//1738
f 275//1739 1127//1739 279//1739
f 1126//1740 1127//1740 275//1740
f 279//1741 1114//1741 611//1741
f 1127//1742 1114//1742 279//1742
f 1120//1743 1128//1743 288//1743
f 288//1744 1128//1744 289//1744
f 289//1745 1129//1745 280//1745
f 1128//1746 1129//1746 289//1746
f 280//1747 1130//1747 281//1747
f 1129//1748 1130//1748 280//1748
f 1131//1749 1121//1749 251//1749
f 251//1750 1121//1750 255//1750
f 1132//1751 1133//1751 1134//1751
f 1130//1752 1135//1752 281//1752
f 281//1753 1135//1753 282//1753
f 282//1754 1135//1754 294//1754
f 294//1755 1135//1755 298//1755
f 298//1756 1135//1756 1133//1756
f 1134//1757 1135//1757 1130//1757
f 1133//1758 1135//1758 1134//1758
f 1136//1759 1131//1759 247//1759
f 247//1760 1131//1760 251//1760
f 1133//1761 1137//1761 298//1761
f 298//1762 1137//1762 301//1762
f 1138//1763 1136//1763 1139//1763
f 1140//1764 1141//1764 199//1764
f 199//1765 1141//1765 197//1765
f 197//1766 1141//1766 242//1766
f 242//1767 1141//1767 247//1767
f 247//1768 1141//1768 1136//1768
f 1139//1769 1141//1769 1140//1769
f 1136//1770 1141//1770 1139//1770
f 1137//1771 1142//1771 301//1771
f 301//1772 1142//1772 308//1772
f 1143//1773 1144//1773 236//1773
f 236//1774 1144//1774 237//1774
f 237//1775 1145//1775 198//1775
f 1144//1776 1145//1776 237//1776
f 198//1777 1140//1777 199//1777
f 1145//1778 1140//1778 198//1778
f 1142//1779 1146//1779 308//1779
f 308//1780 1146//1780 309//1780
f 309//1781 1147//1781 317//1781
f 1146//1782 1147//1782 309//1782
f 317//1783 1148//1783 320//1783
f 1147//1784 1148//1784 317//1784
f 320//1785 1149//1785 324//1785
f 1148//1786 1149//1786 320//1786
f 324//1787 1150//1787 328//1787
f 1149//1788 1150//1788 324//1788
f 328//1789 1151//1789 330//1789
f 1150//1790 1151//1790 328//1790
f 330//1791 1152//1791 615//1791
f 1151//1792 1152//1792 330//1792
f 1153//1793 1154//1793 1155//1793
f 236//1794 1156//1794 1143//1794
f 1143//1795 1156//1795 1154//1795
f 1155//1796 1156//1796 246//1796
f 246//1797 1156//1797 241//1797
f 241//1798 1156//1798 235//1798
f 235//1799 1156//1799 236//1799
f 1154//1800 1156//1800 1155//1800
f 1152//1801 1157//1801 615//1801
f 615//1802 1157//1802 614//1802
f 614//1803 1158//1803 613//1803
f 1157//1804 1158//1804 614//1804
f 613//1805 1159//1805 612//1805
f 1158//1806 1159//1806 613//1806
f 1160//1807 1155//1807 250//1807
f 250//1808 1155//1808 246//1808
f 1159//1809 1161//1809 612//1809
f 612//1810 1161//1810 278//1810
f 278//1811 1162//1811 274//1811
f 1161//1812 1162//1812 278//1812
f 274//1813 1163//1813 270//1813
f 1162//1814 1163//1814 274//1814
f 270//1815 1164//1815 266//1815
f 1163//1816 1164//1816 270//1816
f 266//1817 1165//1817 262//1817
f 262//1818 1165//1818 258//1818
f 1164//1819 1165//1819 266//1819
f 1165//1820 1166//1820 258//1820
f 258//1821 1167//1821 254//1821
f 1166//1822 1167//1822 258//1822
f 1167//1823 1160//1823 254//1823
f 254//1824 1160//1824 250//1824
f 179//1825 224//1825 1168//1825
f 1168//1826 224//1826 1169//1826
f 224//1827 395//1827 1169//1827
f 1169//1828 395//1828 1170//1828
f 395//1829 359//1829 1170//1829
f 1170//1830 359//1830 1171//1830
f 359//1831 179//1831 1171//1831
f 1171//1832 179//1832 1168//1832
f 493//1833 335//1833 1172//1833
f 493//1834 1172//1834 1173//1834
f 335//1835 352//1835 1174//1835
f 335//1836 1174//1836 1172//1836
f 352//1837 541//1837 1175//1837
f 352//1838 1175//1838 1174//1838
f 541//1839 493//1839 1173//1839
f 541//1840 1173//1840 1175//1840
f 1176//1841 1177//1841 649//1841
f 649//1842 1177//1842 647//1842
f 647//1843 1178//1843 645//1843
f 1177//1844 1178//1844 647//1844
f 645//1845 1179//1845 643//1845
f 1178//1846 1179//1846 645//1846
f 643//1847 1180//1847 641//1847
f 1179//1848 1180//1848 643//1848
f 641//1849 1181//1849 639//1849
f 1180//1850 1181//1850 641//1850
f 639//1851 1182//1851 637//1851
f 637//1852 1182//1852 635//1852
f 1181//1853 1182//1853 639//1853
f 1182//1854 1183//1854 635//1854
f 635//1855 1184//1855 633//1855
f 1183//1856 1184//1856 635//1856
f 633//1857 1185//1857 631//1857
f 1184//1858 1185//1858 633//1858
f 631//1859 1186//1859 630//1859
f 1185//1860 1186//1860 631//1860
f 1186//1861 1187//1861 630//1861
f 630//1862 1187//1862 632//1862
f 1187//1863 1188//1863 632//1863
f 632//1864 1188//1864 634//1864
f 634//1865 1188//1865 636//1865
f 1188//1866 1189//1866 636//1866
f 1189//1867 1190//1867 636//1867
f 636//1868 1190//1868 638//1868
f 1190//1869 1191//1869 638//1869
f 638//1870 1191//1870 640//1870
f 640//1871 1192//1871 642//1871
f 1191//1872 1192//1872 640//1872
f 642//1873 1193//1873 644//1873
f 1192//1874 1193//1874 642//1874
f 644//1875 1194//1875 646//1875
f 646//1876 1194//1876 648//1876
f 1193//1877 1194//1877 644//1877
f 1194//1878 1195//1878 648//1878
f 648//1879 1196//1879 650//1879
f 1195//1880 1196//1880 648//1880
f 650//1881 1197//1881 652//1881
f 1196//1882 1197//1882 650//1882
f 652//1883 1198//1883 654//1883
f 1197//1884 1198//1884 652//1884
f 654//1885 1199//1885 655//1885
f 655//1886 1199//1886 653//1886
f 1198//1887 1199//1887 654//1887
f 1199//1888 1200//1888 653//1888
f 653//1889 1201//1889 651//1889
f 1200//1890 1201//1890 653//1890
f 651//1891 1176//1891 649//1891
f 1201//1892 1176//1892 651//1892
f 1202//1893 1008//1893 1010//1893
f 1025//1894 1027//1894 1203//1894
f 1074//1895 1204//1895 1072//1895
f 963//1896 1205//1896 961//1896
f 1027//1897 1032//1897 1203//1897
f 1202//1898 1003//1898 1008//1898
f 963//1899 968//1899 1205//1899
f 1204//1900 1067//1900 1072//1900
f 1202//1901 993//1901 1003//1901
f 1203//1902 993//1902 1202//1902
f 1032//1903 1040//1903 1203//1903
f 1203//1904 1040//1904 993//1904
f 993//1905 1048//1905 994//1905
f 1040//1906 1048//1906 993//1906
f 1206//1907 944//1907 946//1907
f 1089//1908 1091//1908 1207//1908
f 994//1909 1047//1909 995//1909
f 1048//1910 1047//1910 994//1910
f 968//1911 976//1911 1205//1911
f 1205//1912 976//1912 1206//1912
f 1204//1913 1057//1913 1067//1913
f 995//1914 1046//1914 996//1914
f 1047//1915 1046//1915 995//1915
f 1046//1916 997//1916 996//1916
f 1046//1917 1045//1917 997//1917
f 997//1918 1044//1918 998//1918
f 1045//1919 1044//1919 997//1919
f 1206//1920 939//1920 944//1920
f 1091//1921 1096//1921 1207//1921
f 1206//1922 929//1922 939//1922
f 976//1923 929//1923 1206//1923
f 1207//1924 1104//1924 1204//1924
f 1096//1925 1104//1925 1207//1925
f 1204//1926 1104//1926 1057//1926
f 976//1927 930//1927 929//1927
f 984//1928 930//1928 976//1928
f 1057//1929 1112//1929 1058//1929
f 1104//1930 1112//1930 1057//1930
f 984//1931 931//1931 930//1931
f 982//1932 931//1932 983//1932
f 983//1933 931//1933 984//1933
f 1058//1934 1111//1934 1059//1934
f 1112//1935 1111//1935 1058//1935
f 982//1936 932//1936 931//1936
f 1111//1937 1110//1937 1059//1937
f 1059//1938 1110//1938 1060//1938
f 980//1939 933//1939 981//1939
f 981//1940 933//1940 982//1940
f 982//1941 933//1941 932//1941
f 1060//1942 1109//1942 1061//1942
f 1110//1943 1109//1943 1060//1943
f 904//1944 1208//1944 899//1944
f 899//1945 1208//1945 897//1945
f 1138//1946 1209//1946 1136//1946
f 1136//1947 1209//1947 1131//1947
f 980//1948 934//1948 933//1948
f 1061//1949 1108//1949 1062//1949
f 1109//1950 1108//1950 1061//1950
f 904//1951 912//1951 1208//1951
f 1209//1952 1121//1952 1131//1952
f 1210//1953 880//1953 882//1953
f 1153//1954 1155//1954 1211//1954
f 1210//1955 875//1955 880//1955
f 1155//1956 1160//1956 1211//1956
f 1208//1957 865//1957 1210//1957
f 1210//1958 865//1958 875//1958
f 912//1959 865//1959 1208//1959
f 1211//1960 1167//1960 1209//1960
f 1209//1961 1167//1961 1121//1961
f 1160//1962 1167//1962 1211//1962
f 920//1963 866//1963 912//1963
f 912//1964 866//1964 865//1964
f 1121//1965 1166//1965 1122//1965
f 1167//1966 1166//1966 1121//1966
f 919//1967 867//1967 920//1967
f 920//1968 867//1968 866//1968
f 1122//1969 1165//1969 1123//1969
f 1166//1970 1165//1970 1122//1970
f 917//1971 868//1971 918//1971
f 918//1972 868//1972 919//1972
f 919//1973 868//1973 867//1973
f 1123//1974 1164//1974 1124//1974
f 1165//1975 1164//1975 1123//1975
f 916//1976 869//1976 917//1976
f 917//1977 869//1977 868//1977
f 1124//1978 1163//1978 1125//1978
f 1164//1979 1163//1979 1124//1979
f 916//1980 870//1980 869//1980
f 1125//1981 1162//1981 1126//1981
f 1163//1982 1162//1982 1125//1982
f 1132//1983 1212//1983 1133//1983
f 1133//1984 1212//1984 1137//1984
f 1137//1985 1212//1985 1142//1985
f 848//1986 1213//1986 840//1986
f 840//1987 1213//1987 835//1987
f 835//1988 1213//1988 833//1988
f 1044//1989 1186//1989 998//1989
f 1052//1990 1186//1990 1042//1990
f 1042//1991 1186//1991 1043//1991
f 1043//1992 1186//1992 1044//1992
f 998//1993 1186//1993 999//1993
f 1186//1994 1185//1994 999//1994
f 999//1995 1185//1995 986//1995
f 986//1996 1185//1996 987//1996
f 987//1997 1185//1997 988//1997
f 988//1998 1185//1998 978//1998
f 978//1999 1185//1999 979//1999
f 1052//2000 1187//2000 1186//2000
f 1107//2001 1187//2001 1108//2001
f 1062//2002 1187//2002 1063//2002
f 1063//2003 1187//2003 1050//2003
f 1050//2004 1187//2004 1051//2004
f 1051//2005 1187//2005 1052//2005
f 1108//2006 1187//2006 1062//2006
f 1212//2007 1214//2007 1142//2007
f 1185//2008 1184//2008 979//2008
f 980//2009 1184//2009 934//2009
f 979//2010 1184//2010 980//2010
f 934//2011 1184//2011 935//2011
f 935//2012 1184//2012 922//2012
f 1114//2013 1188//2013 1115//2013
f 1115//2014 1188//2014 1116//2014
f 1116//2015 1188//2015 1106//2015
f 1106//2016 1188//2016 1107//2016
f 1107//2017 1188//2017 1187//2017
f 924//2018 1183//2018 914//2018
f 914//2019 1183//2019 915//2019
f 915//2020 1183//2020 916//2020
f 1184//2021 1183//2021 922//2021
f 922//2022 1183//2022 923//2022
f 923//2023 1183//2023 924//2023
f 1117//2024 1113//2024 1214//2024
f 1215//2025 816//2025 818//2025
f 1114//2026 1189//2026 1188//2026
f 1126//2027 1189//2027 1127//2027
f 1127//2028 1189//2028 1114//2028
f 1162//2029 1189//2029 1126//2029
f 1159//2030 1189//2030 1161//2030
f 1161//2031 1189//2031 1162//2031
f 1113//2032 1105//2032 1214//2032
f 1215//2033 811//2033 816//2033
f 848//2034 801//2034 1213//2034
f 856//2035 801//2035 848//2035
f 1213//2036 801//2036 1215//2036
f 1215//2037 801//2037 811//2037
f 1214//2038 1103//2038 1142//2038
f 1105//2039 1103//2039 1214//2039
f 1103//2040 1102//2040 1142//2040
f 1142//2041 1102//2041 1146//2041
f 856//2042 802//2042 801//2042
f 1102//2043 1101//2043 1146//2043
f 1146//2044 1101//2044 1147//2044
f 854//2045 803//2045 855//2045
f 855//2046 803//2046 856//2046
f 856//2047 803//2047 802//2047
f 870//2048 1182//2048 871//2048
f 871//2049 1182//2049 858//2049
f 858//2050 1182//2050 859//2050
f 859//2051 1182//2051 860//2051
f 860//2052 1182//2052 850//2052
f 916//2053 1182//2053 870//2053
f 1183//2054 1182//2054 916//2054
f 1101//2055 1100//2055 1147//2055
f 1147//2056 1100//2056 1148//2056
f 854//2057 804//2057 803//2057
f 1148//2058 1099//2058 1149//2058
f 1100//2059 1099//2059 1148//2059
f 853//2060 805//2060 854//2060
f 854//2061 805//2061 804//2061
f 1099//2062 1098//2062 1149//2062
f 1149//2063 1098//2063 1150//2063
f 852//2064 806//2064 853//2064
f 853//2065 806//2065 805//2065
f 1159//2066 1190//2066 1189//2066
f 1151//2067 1190//2067 1152//2067
f 1152//2068 1190//2068 1157//2068
f 1157//2069 1190//2069 1158//2069
f 1158//2070 1190//2070 1159//2070
f 850//2071 1181//2071 851//2071
f 851//2072 1181//2072 852//2072
f 1182//2073 1181//2073 850//2073
f 806//2074 1181//2074 807//2074
f 852//2075 1181//2075 806//2075
f 1098//2076 1191//2076 1150//2076
f 1151//2077 1191//2077 1190//2077
f 1093//2078 1191//2078 1094//2078
f 1094//2079 1191//2079 1095//2079
f 1095//2080 1191//2080 1097//2080
f 1097//2081 1191//2081 1098//2081
f 1150//2082 1191//2082 1151//2082
f 1181//2083 1180//2083 807//2083
f 807//2084 1180//2084 794//2084
f 794//2085 1180//2085 795//2085
f 795//2086 1180//2086 796//2086
f 796//2087 1180//2087 786//2087
f 786//2088 1180//2088 787//2088
f 784//2089 1216//2089 776//2089
f 776//2090 1216//2090 771//2090
f 771//2091 1216//2091 769//2091
f 1068//2092 1217//2092 1069//2092
f 1069//2093 1217//2093 1073//2093
f 1073//2094 1217//2094 1078//2094
f 1086//2095 1192//2095 1087//2095
f 1087//2096 1192//2096 1088//2096
f 1088//2097 1192//2097 1093//2097
f 1093//2098 1192//2098 1191//2098
f 1180//2099 1179//2099 787//2099
f 787//2100 1179//2100 788//2100
f 1217//2101 1218//2101 1078//2101
f 1082//2102 1038//2102 1083//2102
f 791//2103 738//2103 792//2103
f 1219//2104 752//2104 754//2104
f 1053//2105 1049//2105 1218//2105
f 1082//2106 1039//2106 1038//2106
f 1078//2107 1039//2107 1082//2107
f 1218//2108 1039//2108 1078//2108
f 738//2109 737//2109 792//2109
f 784//2110 737//2110 1216//2110
f 792//2111 737//2111 784//2111
f 1216//2112 737//2112 1219//2112
f 791//2113 739//2113 738//2113
f 1038//2114 1037//2114 1083//2114
f 737//2115 747//2115 1219//2115
f 1219//2116 747//2116 752//2116
f 1218//2117 1041//2117 1039//2117
f 1049//2118 1041//2118 1218//2118
f 1083//2119 1036//2119 1084//2119
f 1037//2120 1036//2120 1083//2120
f 790//2121 740//2121 791//2121
f 791//2122 740//2122 739//2122
f 1036//2123 1035//2123 1084//2123
f 1084//2124 1035//2124 1085//2124
f 789//2125 741//2125 790//2125
f 790//2126 741//2126 740//2126
f 1035//2127 1034//2127 1085//2127
f 1086//2128 1034//2128 1192//2128
f 1085//2129 1034//2129 1086//2129
f 788//2130 742//2130 789//2130
f 1179//2131 742//2131 788//2131
f 789//2132 742//2132 741//2132
f 1179//2133 743//2133 742//2133
f 1192//2134 1033//2134 1193//2134
f 1034//2135 1033//2135 1192//2135
f 1033//2136 1031//2136 1193//2136
f 1179//2137 730//2137 743//2137
f 1178//2138 731//2138 1179//2138
f 1179//2139 731//2139 730//2139
f 1031//2140 1030//2140 1193//2140
f 1178//2141 732//2141 731//2141
f 1030//2142 1029//2142 1193//2142
f 1178//2143 722//2143 732//2143
f 1029//2144 1024//2144 1193//2144
f 1178//2145 723//2145 722//2145
f 1193//2146 1023//2146 1194//2146
f 1024//2147 1023//2147 1193//2147
f 1178//2148 724//2148 723//2148
f 1023//2149 1022//2149 1194//2149
f 720//2150 1220//2150 712//2150
f 712//2151 1220//2151 707//2151
f 707//2152 1220//2152 705//2152
f 1004//2153 1221//2153 1005//2153
f 1005//2154 1221//2154 1009//2154
f 1009//2155 1221//2155 1014//2155
f 1221//2156 1222//2156 1014//2156
f 1018//2157 973//2157 1019//2157
f 727//2158 676//2158 675//2158
f 726//2159 676//2159 727//2159
f 1019//2160 972//2160 1020//2160
f 973//2161 972//2161 1019//2161
f 675//2162 674//2162 727//2162
f 727//2163 674//2163 728//2163
f 1018//2164 974//2164 973//2164
f 726//2165 677//2165 676//2165
f 724//2166 677//2166 725//2166
f 725//2167 677//2167 726//2167
f 972//2168 971//2168 1020//2168
f 1020//2169 971//2169 1021//2169
f 1021//2170 971//2170 1022//2170
f 674//2171 673//2171 728//2171
f 720//2172 673//2172 1220//2172
f 728//2173 673//2173 720//2173
f 1220//2174 673//2174 1223//2174
f 1018//2175 975//2175 974//2175
f 1014//2176 975//2176 1018//2176
f 1222//2177 975//2177 1014//2177
f 724//2178 678//2178 677//2178
f 1178//2179 678//2179 724//2179
f 971//2180 970//2180 1022//2180
f 1022//2181 970//2181 1194//2181
f 1178//2182 679//2182 678//2182
f 1177//2183 679//2183 1178//2183
f 970//2184 969//2184 1194//2184
f 1177//2185 666//2185 679//2185
f 969//2186 967//2186 1194//2186
f 1194//2187 967//2187 1195//2187
f 673//2188 683//2188 1223//2188
f 1222//2189 977//2189 975//2189
f 1177//2190 667//2190 666//2190
f 967//2191 966//2191 1195//2191
f 683//2192 688//2192 1223//2192
f 1222//2193 985//2193 977//2193
f 688//2194 690//2194 1223//2194
f 1222//2195 989//2195 985//2195
f 1177//2196 668//2196 667//2196
f 966//2197 965//2197 1195//2197
f 1176//2198 658//2198 1177//2198
f 1177//2199 658//2199 668//2199
f 965//2200 960//2200 1195//2200
f 1176//2201 659//2201 658//2201
f 960//2202 959//2202 1195//2202
f 1176//2203 660//2203 659//2203
f 1195//2204 958//2204 1196//2204
f 959//2205 958//2205 1195//2205
f 661//2206 701//2206 662//2206
f 957//2207 906//2207 958//2207
f 958//2208 906//2208 1196//2208
f 907//2209 906//2209 957//2209
f 660//2210 702//2210 661//2210
f 1176//2211 702//2211 660//2211
f 661//2212 702//2212 701//2212
f 662//2213 700//2213 663//2213
f 701//2214 700//2214 662//2214
f 956//2215 908//2215 957//2215
f 957//2216 908//2216 907//2216
f 906//2217 905//2217 1196//2217
f 1176//2218 703//2218 702//2218
f 700//2219 699//2219 663//2219
f 955//2220 909//2220 956//2220
f 956//2221 909//2221 908//2221
f 940//2222 1224//2222 941//2222
f 941//2223 1224//2223 945//2223
f 945//2224 1224//2224 950//2224
f 665//2225 1225//2225 669//2225
f 656//2226 1225//2226 657//2226
f 657//2227 1225//2227 665//2227
f 905//2228 903//2228 1196//2228
f 1176//2229 704//2229 703//2229
f 1201//2230 704//2230 1176//2230
f 954//2231 910//2231 955//2231
f 955//2232 910//2232 909//2232
f 663//2233 698//2233 664//2233
f 699//2234 698//2234 663//2234
f 664//2235 694//2235 656//2235
f 698//2236 694//2236 664//2236
f 950//2237 911//2237 954//2237
f 954//2238 911//2238 910//2238
f 903//2239 902//2239 1196//2239
f 1201//2240 709//2240 704//2240
f 1201//2241 710//2241 709//2241
f 902//2242 901//2242 1196//2242
f 1201//2243 711//2243 710//2243
f 1196//2244 896//2244 1197//2244
f 901//2245 896//2245 1196//2245
f 1200//2246 713//2246 1201//2246
f 1201//2247 713//2247 711//2247
f 896//2248 895//2248 1197//2248
f 1200//2249 714//2249 713//2249
f 895//2250 894//2250 1197//2250
f 1224//2251 1226//2251 950//2251
f 950//2252 1226//2252 911//2252
f 656//2253 1227//2253 1225//2253
f 694//2254 1227//2254 656//2254
f 1226//2255 913//2255 911//2255
f 694//2256 689//2256 1227//2256
f 1226//2257 921//2257 913//2257
f 689//2258 685//2258 1227//2258
f 1226//2259 925//2259 921//2259
f 685//2260 684//2260 1227//2260
f 1197//2261 841//2261 1198//2261
f 894//2262 842//2262 1197//2262
f 1197//2263 842//2263 841//2263
f 767//2264 766//2264 1200//2264
f 1200//2265 766//2265 714//2265
f 841//2266 839//2266 1198//2266
f 1200//2267 768//2267 767//2267
f 894//2268 843//2268 842//2268
f 892//2269 843//2269 893//2269
f 893//2270 843//2270 894//2270
f 714//2271 765//2271 715//2271
f 766//2272 765//2272 714//2272
f 1200//2273 773//2273 768//2273
f 839//2274 838//2274 1198//2274
f 1200//2275 774//2275 773//2275
f 1199//2276 774//2276 1200//2276
f 838//2277 837//2277 1198//2277
f 715//2278 764//2278 716//2278
f 765//2279 764//2279 715//2279
f 892//2280 844//2280 843//2280
f 837//2281 832//2281 1198//2281
f 1199//2282 775//2282 774//2282
f 832//2283 831//2283 1198//2283
f 1198//2284 831//2284 1199//2284
f 1199//2285 777//2285 775//2285
f 764//2286 763//2286 716//2286
f 716//2287 763//2287 717//2287
f 892//2288 845//2288 844//2288
f 891//2289 845//2289 892//2289
f 831//2290 830//2290 1199//2290
f 1199//2291 778//2291 777//2291
f 830//2292 778//2292 1199//2292
f 717//2293 762//2293 718//2293
f 763//2294 762//2294 717//2294
f 891//2295 846//2295 845//2295
f 886//2296 846//2296 890//2296
f 890//2297 846//2297 891//2297
f 830//2298 779//2298 778//2298
f 829//2299 779//2299 830//2299
f 829//2300 780//2300 779//2300
f 829//2301 828//2301 780//2301
f 762//2302 758//2302 718//2302
f 718//2303 758//2303 719//2303
f 886//2304 847//2304 846//2304
f 780//2305 827//2305 781//2305
f 828//2306 827//2306 780//2306
f 781//2307 826//2307 782//2307
f 827//2308 826//2308 781//2308
f 826//2309 822//2309 782//2309
f 782//2310 822//2310 783//2310
f 876//2311 1228//2311 877//2311
f 877//2312 1228//2312 881//2312
f 881//2313 1228//2313 886//2313
f 719//2314 1229//2314 721//2314
f 721//2315 1229//2315 729//2315
f 729//2316 1229//2316 733//2316
f 1228//2317 1230//2317 886//2317
f 847//2318 1230//2318 849//2318
f 886//2319 1230//2319 847//2319
f 753//2320 1231//2320 758//2320
f 758//2321 1231//2321 719//2321
f 719//2322 1231//2322 1229//2322
f 753//2323 749//2323 1231//2323
f 1230//2324 857//2324 849//2324
f 1230//2325 861//2325 857//2325
f 749//2326 748//2326 1231//2326
f 783//2327 1232//2327 785//2327
f 785//2328 1232//2328 793//2328
f 793//2329 1232//2329 797//2329
f 783//2330 1233//2330 1232//2330
f 812//2331 1233//2331 813//2331
f 813//2332 1233//2332 817//2332
f 817//2333 1233//2333 822//2333
f 822//2334 1233//2334 783//2334
f 672//2335 670//2335 680//2335
f 669//2336 1225//2336 670//2336
f 680//2337 686//2337 681//2337
f 681//2338 686//2338 682//2338
f 670//2339 686//2339 680//2339
f 1225//2340 686//2340 670//2340
f 1225//2341 1227//2341 686//2341
f 1227//2342 684//2342 686//2342
f 695//2343 706//2343 696//2343
f 705//2344 1220//2344 706//2344
f 696//2345 691//2345 697//2345
f 697//2346 691//2346 692//2346
f 706//2347 691//2347 696//2347
f 1220//2348 691//2348 706//2348
f 1220//2349 1223//2349 691//2349
f 1223//2350 690//2350 691//2350
f 736//2351 734//2351 744//2351
f 744//2352 734//2352 745//2352
f 733//2353 1229//2353 734//2353
f 745//2354 750//2354 746//2354
f 734//2355 750//2355 745//2355
f 1229//2356 1231//2356 734//2356
f 734//2357 1231//2357 750//2357
f 1231//2358 748//2358 750//2358
f 759//2359 770//2359 760//2359
f 760//2360 770//2360 761//2360
f 769//2361 1216//2361 770//2361
f 761//2362 755//2362 756//2362
f 770//2363 755//2363 761//2363
f 1216//2364 1219//2364 770//2364
f 770//2365 1219//2365 755//2365
f 1219//2366 754//2366 755//2366
f 800//2367 798//2367 808//2367
f 808//2368 798//2368 809//2368
f 797//2369 1232//2369 798//2369
f 809//2370 814//2370 810//2370
f 798//2371 814//2371 809//2371
f 1232//2372 1233//2372 798//2372
f 798//2373 1233//2373 814//2373
f 1233//2374 812//2374 814//2374
f 823//2375 834//2375 824//2375
f 824//2376 834//2376 825//2376
f 833//2377 1213//2377 834//2377
f 825//2378 819//2378 820//2378
f 834//2379 819//2379 825//2379
f 1213//2380 1215//2380 834//2380
f 834//2381 1215//2381 819//2381
f 1215//2382 818//2382 819//2382
f 864//2383 862//2383 872//2383
f 861//2384 1230//2384 862//2384
f 872//2385 878//2385 873//2385
f 873//2386 878//2386 874//2386
f 862//2387 878//2387 872//2387
f 1230//2388 878//2388 862//2388
f 1230//2389 1228//2389 878//2389
f 1228//2390 876//2390 878//2390
f 887//2391 898//2391 888//2391
f 897//2392 1208//2392 898//2392
f 888//2393 883//2393 889//2393
f 889//2394 883//2394 884//2394
f 898//2395 883//2395 888//2395
f 1208//2396 883//2396 898//2396
f 1208//2397 1210//2397 883//2397
f 1210//2398 882//2398 883//2398
f 928//2399 926//2399 936//2399
f 925//2400 1226//2400 926//2400
f 936//2401 942//2401 937//2401
f 937//2402 942//2402 938//2402
f 926//2403 942//2403 936//2403
f 1226//2404 942//2404 926//2404
f 1226//2405 1224//2405 942//2405
f 1224//2406 940//2406 942//2406
f 951//2407 962//2407 952//2407
f 961//2408 1205//2408 962//2408
f 952//2409 947//2409 953//2409
f 953//2410 947//2410 948//2410
f 962//2411 947//2411 952//2411
f 1205//2412 947//2412 962//2412
f 1205//2413 1206//2413 947//2413
f 1206//2414 946//2414 947//2414
f 992//2415 990//2415 1000//2415
f 1000//2416 990//2416 1001//2416
f 989//2417 1222//2417 990//2417
f 1001//2418 1006//2418 1002//2418
f 990//2419 1006//2419 1001//2419
f 1222//2420 1221//2420 990//2420
f 990//2421 1221//2421 1006//2421
f 1221//2422 1004//2422 1006//2422
f 1015//2423 1026//2423 1016//2423
f 1016//2424 1026//2424 1017//2424
f 1025//2425 1203//2425 1026//2425
f 1017//2426 1011//2426 1012//2426
f 1026//2427 1011//2427 1017//2427
f 1203//2428 1202//2428 1026//2428
f 1026//2429 1202//2429 1011//2429
f 1202//2430 1010//2430 1011//2430
f 1056//2431 1054//2431 1064//2431
f 1064//2432 1054//2432 1065//2432
f 1053//2433 1218//2433 1054//2433
f 1065//2434 1070//2434 1066//2434
f 1054//2435 1070//2435 1065//2435
f 1218//2436 1217//2436 1054//2436
f 1054//2437 1217//2437 1070//2437
f 1217//2438 1068//2438 1070//2438
f 1079//2439 1090//2439 1080//2439
f 1080//2440 1090//2440 1081//2440
f 1089//2441 1207//2441 1090//2441
f 1081//2442 1075//2442 1076//2442
f 1090//2443 1075//2443 1081//2443
f 1207//2444 1204//2444 1090//2444
f 1090//2445 1204//2445 1075//2445
f 1204//2446 1074//2446 1075//2446
f 1120//2447 1118//2447 1128//2447
f 1117//2448 1214//2448 1118//2448
f 1128//2449 1134//2449 1129//2449
f 1129//2450 1134//2450 1130//2450
f 1118//2451 1134//2451 1128//2451
f 1214//2452 1134//2452 1118//2452
f 1214//2453 1212//2453 1134//2453
f 1212//2454 1132//2454 1134//2454
f 1143//2455 1154//2455 1144//2455
f 1144//2456 1154//2456 1145//2456
f 1153//2457 1211//2457 1154//2457
f 1145//2458 1139//2458 1140//2458
f 1154//2459 1139//2459 1145//2459
f 1211//2460 1209//2460 1154//2460
f 1154//2461 1209//2461 1139//2461
f 1209//2462 1138//2462 1139//2462
f 1170//2463 1168//2463 1169//2463
f 1170//2464 1171//2464 1168//2464
f 1175//2465 1173//2465 1172//2465
f 1175//2466 1172//2466 1174//2466
